alpha_deg,red_650nm,green_550nm,blue_450nm,white_sum
0,0.249131,0.0617441,0.453916,0.764791
0.05,0.248765,0.0616544,0.454165,0.764585
0.1,0.247799,0.0614601,0.455013,0.764272
0.15,0.246589,0.0613527,0.456697,0.764638
0.2,0.245624,0.0615627,0.459427,0.766614
0.25,0.245406,0.0622829,0.463234,0.770923
0.3,0.246354,0.0636171,0.467869,0.77784
0.35,0.248732,0.0655474,0.472804,0.787083
0.4,0.252604,0.0679028,0.477358,0.797865
0.45,0.257806,0.0703418,0.480951,0.809099
0.5,0.263929,0.0723924,0.483411,0.819732
0.55,0.270349,0.0735793,0.485135,0.829064
0.6,0.276322,0.0736071,0.486981,0.83691
0.65,0.28114,0.0725058,0.489916,0.843562
0.7,0.28432,0.0706513,0.494651,0.849623
0.75,0.28575,0.0686464,0.50143,0.855825
0.8,0.285735,0.0671394,0.509987,0.862862
0.85,0.284932,0.0666787,0.519617,0.871228
0.9,0.284189,0.0676445,0.529332,0.881165
0.95,0.284368,0.070217,0.538179,0.892764
1,0.28621,0.0743176,0.545665,0.906193
1.05,0.290252,0.0795246,0.552055,0.921832
1.1,0.296775,0.0850541,0.558297,0.940126
1.15,0.305763,0.0899057,0.565578,0.961246
1.2,0.316853,0.0931759,0.574805,0.984835
1.25,0.329309,0.0944089,0.586311,1.01003
1.3,0.342079,0.0937937,0.599832,1.0357
1.35,0.353973,0.0921053,0.614636,1.06071
1.4,0.363929,0.090443,0.629714,1.08409
1.45,0.371294,0.0899263,0.644086,1.10531
1.5,0.376006,0.0914779,0.657235,1.12472
1.55,0.378616,0.0957044,0.669444,1.14376
1.6,0.380142,0.102793,0.681746,1.16468
1.65,0.381834,0.112378,0.695439,1.18965
1.7,0.384933,0.12346,0.711457,1.21985
1.75,0.390494,0.134514,0.730003,1.25501
1.8,0.399271,0.143882,0.750553,1.29371
1.85,0.411633,0.150327,0.772076,1.33404
1.9,0.427479,0.153506,0.793326,1.37431
1.95,0.44616,0.154115,0.813208,1.41348
2,0.46648,0.153661,0.831258,1.4514
2.05,0.486836,0.15401,0.84801,1.48886
2.1,0.505522,0.156945,0.864931,1.5274
2.15,0.521117,0.163833,0.883811,1.56876
2.2,0.53285,0.175393,0.905956,1.6142
2.25,0.540795,0.191487,0.931657,1.66394
2.3,0.545842,0.210971,0.960158,1.71697
2.35,0.549483,0.231762,0.989959,1.7712
2.4,0.55349,0.251265,1.01923,1.82399
2.45,0.559605,0.267121,1.04632,1.87305
2.5,0.569305,0.278001,1.07034,1.91764
2.55,0.583608,0.284087,1.09166,1.95936
2.6,0.602924,0.287023,1.11202,2.00197
2.65,0.626919,0.289423,1.13377,2.05011
2.7,0.654444,0.294175,1.15891,2.10753
2.75,0.683624,0.303802,1.18824,2.17567
2.8,0.712138,0.319977,1.22115,2.25327
2.85,0.737689,0.343157,1.25588,2.33673
2.9,0.758528,0.372327,1.29001,2.42087
2.95,0.773869,0.405,1.32115,2.50002
3,0.784067,0.437638,1.34768,2.56939
3.05,0.790513,0.466544,1.36951,2.62657
3.1,0.795309,0.488971,1.38831,2.67259
3.15,0.800853,0.504019,1.40697,2.71184
3.2,0.809434,0.512936,1.42834,2.75071
3.25,0.822898,0.518725,1.45411,2.79574
3.3,0.842377,0.525293,1.48427,2.85194
3.35,0.868072,0.536492,1.51715,2.92172
3.4,0.899114,0.555285,1.54996,3.00436
3.45,0.933571,0.583117,1.57952,3.09621
3.5,0.968693,0.619492,1.60318,3.19136
3.55,1.00139,0.661851,1.61983,3.28307
3.6,1.02888,0.705942,1.63047,3.36529
3.65,1.0493,0.746777,1.63787,3.43395
3.7,1.06217,0.780019,1.64546,3.48765
3.75,1.06845,0.803308,1.6559,3.52766
3.8,1.07031,0.817003,1.67011,3.55742
3.85,1.07068,0.824051,1.68705,3.58178
3.9,1.07269,0.829103,1.70412,3.60591
3.95,1.07912,0.83727,1.71794,3.63432
4,1.09198,0.852926,1.72541,3.67031
4.05,1.11219,0.878759,1.72482,3.71577
4.1,1.13933,0.915133,1.71662,3.77108
4.15,1.17163,0.95981,1.70332,3.83476
4.2,1.20613,1.0082,1.68847,3.9028
4.25,1.23914,1.05431,1.67516,3.96861
4.3,1.26696,1.09223,1.66486,4.02404
4.35,1.28662,1.11789,1.6569,4.06141
4.4,1.29654,1.13027,1.64879,4.0756
4.45,1.29691,1.13165,1.63698,4.06555
4.5,1.28958,1.12691,1.61813,4.03462
4.55,1.27767,1.12208,1.59028,3.99003
4.6,1.26492,1.12286,1.55384,3.94161
4.65,1.25497,1.13331,1.51146,3.89974
4.7,1.25077,1.15498,1.46712,3.87286
4.75,1.25403,1.18648,1.4245,3.86501
4.8,1.26499,1.22355,1.38562,3.87417
4.85,1.28227,1.2599,1.35014,3.89231
4.9,1.30304,1.28863,1.31557,3.90724
4.95,1.32344,1.30423,1.27818,3.90585
5,1.33931,1.30411,1.23442,3.87784
5.05,1.34691,1.28943,1.18232,3.81866
5.1,1.34381,1.26459,1.12253,3.73092
5.15,1.32932,1.2359,1.05822,3.62344
5.2,1.30472,1.20987,0.99399,3.50858
5.25,1.27291,1.19166,0.934126,3.39869
5.3,1.23782,1.18405,0.88106,3.30293
5.35,1.20362,1.18687,0.834602,3.22509
5.4,1.17396,1.19691,0.792102,3.16296
5.45,1.1513,1.20853,0.749456,3.10929
5.5,1.13656,1.21491,0.702658,3.05413
5.55,1.12892,1.20983,0.649468,2.98821
5.6,1.12601,1.18947,0.590537,2.90602
5.65,1.12431,1.15357,0.529416,2.8073
5.7,1.11976,1.10538,0.471327,2.69647
5.75,1.10856,1.05055,0.421235,2.58035
5.8,1.08791,0.995471,0.382107,2.46548
5.85,1.05657,0.94568,0.354009,2.35626
5.9,1.01514,0.904778,0.334276,2.25419
5.95,0.96587,0.87385,0.318562,2.15828
6,0.912228,0.851348,0.302479,2.06606
6.05,0.85815,0.833413,0.283308,1.97487
6.1,0.807295,0.81471,0.261179,1.88318
6.15,0.762388,0.789812,0.239117,1.79132
6.2,0.724779,0.75478,0.221865,1.70142
6.25,0.69429,0.708395,0.214003,1.61669
6.3,0.669339,0.652468,0.218228,1.54003
6.35,0.647319,0.59112,0.234469,1.47291
6.4,0.625155,0.529409,0.260062,1.41463
6.45,0.599932,0.471943,0.290769,1.36264
6.5,0.569468,0.421943,0.322304,1.31372
6.55,0.53274,0.380867,0.351877,1.26548
6.6,0.490043,0.348391,0.3792,1.21763
6.65,0.442887,0.322589,0.40647,1.17195
6.7,0.39365,0.300342,0.437268,1.13126
6.75,0.345074,0.278099,0.47487,1.09804
6.8,0.299722,0.252931,0.520761,1.07341
6.85,0.259515,0.223533,0.573953,1.057
6.9,0.225426,0.190672,0.631281,1.04738
6.95,0.197402,0.156824,0.688452,1.04268
7,0.174515,0.125185,0.741485,1.04118
7.05,0.155288,0.0986129,0.788034,1.04193
7.1,0.138121,0.0789783,0.828107,1.04521
7.15,0.1217,0.0670598,0.863815,1.05258
7.2,0.105283,0.0627439,0.898248,1.06627
7.25,0.0887962,0.0652128,0.934004,1.08801
7.3,0.0727556,0.0730356,0.972027,1.11782
7.35,0.0580381,0.084344,1.01113,1.15351
7.4,0.0456083,0.0972779,1.04827,1.19116
7.45,0.0362683,0.110621,1.07942,1.22631
7.5,0.0304836,0.124269,1.1008,1.25556
7.55,0.0283071,0.13919,1.11019,1.27768
7.6,0.0294028,0.156848,1.10767,1.29392
7.65,0.0331658,0.178475,1.09553,1.30717
7.7,0.0389271,0.204639,1.07723,1.32079
7.75,0.0462104,0.2353,1.05604,1.33755
7.8,0.054972,0.27014,1.03405,1.35916
7.85,0.065731,0.308755,1.01166,1.38615
7.9,0.0795077,0.350547,0.987645,1.4177
7.95,0.0975448,0.394458,0.95946,1.45146
8,0.120881,0.438939,0.924098,1.48392
8.05,0.149919,0.482312,0.879285,1.51152
8.1,0.184147,0.523337,0.824629,1.53211
8.15,0.222128,0.561576,0.762083,1.54579
8.2,0.261755,0.597286,0.695441,1.55448
8.25,0.300683,0.63099,0.629245,1.56092
8.3,0.3368,0.663081,0.56771,1.56759
8.35,0.368614,0.693773,0.513905,1.57629
8.4,0.395517,0.723285,0.469089,1.58789
8.45,0.417901,0.751928,0.432239,1.60207
8.5,0.43714,0.779825,0.400173,1.61714
8.55,0.455421,0.806399,0.368696,1.63052
8.6,0.475373,0.830063,0.334482,1.63992
8.65,0.499498,0.848485,0.296758,1.64474
8.7,0.5295,0.859379,0.257882,1.64676
8.75,0.565676,0.861367,0.222708,1.64975
8.8,0.606611,0.854409,0.197222,1.65824
8.85,0.649334,0.839628,0.186919,1.67588
8.9,0.689911,0.818798,0.195104,1.70381
8.95,0.72433,0.793904,0.221398,1.73963
9,0.749366,0.766912,0.261163,1.77744
9.05,0.763201,0.739604,0.30661,1.80941
9.1,0.765654,0.713203,0.34949,1.82835
9.15,0.758068,0.687818,0.384201,1.83009
9.2,0.74298,0.662081,0.409786,1.81485
9.25,0.723671,0.633408,0.430059,1.78714
9.3,0.703651,0.598983,0.452059,1.75469
9.35,0.686079,0.557002,0.483487,1.72657
9.4,0.673123,0.507517,0.529751,1.71039
9.45,0.665399,0.452455,0.591344,1.7092
9.5,0.661679,0.394931,0.662624,1.71923
9.55,0.659071,0.338357,0.733004,1.73043
9.6,0.653714,0.285806,0.79048,1.73
9.65,0.641814,0.239693,0.826024,1.70753
9.7,0.620676,0.201545,0.836777,1.659
9.75,0.589365,0.171693,0.826743,1.5878
9.8,0.548806,0.149038,0.805023,1.50287
9.85,0.501362,0.131265,0.782486,1.41511
9.9,0.450144,0.115702,0.7679,1.33375
9.95,0.398352,0.100517,0.764574,1.26344
10,0.348823,0.0855968,0.768759,1.20318
10.05,0.303764,0.072567,0.770878,1.14721
10.1,0.264583,0.0639391,0.759466,1.08799
10.15,0.231712,0.0619565,0.72615,1.01982
10.2,0.204483,0.0678214,0.669258,0.941563
10.25,0.181217,0.0816042,0.594538,0.857359
10.3,0.159654,0.102608,0.513071,0.775333
10.35,0.13769,0.129738,0.437585,0.705013
10.4,0.114177,0.161638,0.378423,0.654238
10.45,0.0894047,0.196758,0.34023,0.626392
10.5,0.0650293,0.233635,0.320479,0.619143
10.55,0.0434321,0.271409,0.310809,0.62565
10.6,0.0268258,0.31021,0.301029,0.638065
10.65,0.0165254,0.350946,0.28404,0.651511
10.7,0.0126997,0.394435,0.25913,0.666265
10.75,0.0146335,0.440343,0.232104,0.687081
10.8,0.0212529,0.486667,0.21267,0.72059
10.85,0.031576,0.530168,0.210717,0.772461
10.9,0.0448792,0.567513,0.232911,0.845303
10.95,0.0606202,0.596415,0.280326,0.937361
11,0.0783365,0.616151,0.347625,1.04211
11.05,0.0977218,0.627368,0.424452,1.14954
11.1,0.118884,0.631538,0.499091,1.24951
11.15,0.142567,0.630503,0.562972,1.33604
11.2,0.170044,0.626191,0.613675,1.40991
11.25,0.202577,0.620268,0.654828,1.47767
11.3,0.24061,0.613544,0.693375,1.54753
11.35,0.283131,0.605356,0.736092,1.62458
11.4,0.327604,0.59345,0.786882,1.70793
11.45,0.370589,0.574725,0.845226,1.79054
11.5,0.408804,0.546665,0.905685,1.86115
11.55,0.440098,0.508667,0.958795,1.90756
11.6,0.463904,0.462491,0.99383,1.92023
11.65,0.480995,0.411587,1.00275,1.89533
11.7,0.492827,0.359776,0.983377,1.83598
11.75,0.500864,0.310087,0.939941,1.75089
11.8,0.506265,0.264278,0.880995,1.65154
11.85,0.509927,0.222979,0.816265,1.54917
11.9,0.512651,0.186067,0.75405,1.45277
11.95,0.515085,0.152965,0.699509,1.36756
12,0.517356,0.122947,0.653496,1.2938
12.05,0.51861,0.0956626,0.612218,1.22649
12.1,0.516862,0.0718771,0.568637,1.15738
12.15,0.509438,0.0539424,0.515812,1.07919
12.2,0.493954,0.045446,0.4507,0.9901
12.25,0.469356,0.0498823,0.376201,0.89544
12.3,0.436471,0.0689213,0.300447,0.805839
12.35,0.397731,0.101256,0.234201,0.733188
12.4,0.356225,0.142744,0.187935,0.686904
12.45,0.314582,0.187789,0.169291,0.671662
12.5,0.274316,0.231189,0.180924,0.68643
12.55,0.235887,0.269594,0.219151,0.724632
12.6,0.199317,0.302116,0.274586,0.776019
12.65,0.164845,0.330243,0.335394,0.830482
12.7,0.133148,0.357362,0.391909,0.882419
12.75,0.105028,0.387997,0.440029,0.933054
12.8,0.0808715,0.426594,0.48165,0.989115
12.85,0.0603806,0.475851,0.5225,1.05873
12.9,0.0428624,0.53506,0.569082,1.147
12.95,0.0279515,0.599346,0.625955,1.25325
13,0.016265,0.660489,0.693594,1.37035
13.05,0.00948053,0.709236,0.767057,1.48577
13.1,0.00968109,0.738135,0.836418,1.58423
13.15,0.0183136,0.743613,0.889672,1.6516
13.2,0.0353975,0.726536,0.917188,1.67912
13.25,0.0594962,0.691371,0.915244,1.66611
13.3,0.0884835,0.644675,0.886688,1.61985
13.35,0.12062,0.593574,0.838924,1.55312
13.4,0.155249,0.544455,0.781025,1.48073
13.45,0.192686,0.501771,0.721382,1.41584
13.5,0.233401,0.466993,0.66595,1.36634
13.55,0.277091,0.438157,0.616769,1.33202
13.6,0.322288,0.410557,0.571358,1.3042
13.65,0.366783,0.378655,0.524079,1.26952
13.7,0.408585,0.338486,0.469438,1.21651
13.75,0.446746,0.289385,0.405492,1.14162
13.8,0.481508,0.234191,0.335327,1.05103
13.85,0.513669,0.178034,0.266211,0.957914
13.9,0.54363,0.126583,0.207673,0.877886
13.95,0.570798,0.0847469,0.169663,0.825208
14,0.593763,0.0561946,0.160558,0.810515
14.05,0.611094,0.0433084,0.184428,0.838831
14.1,0.622176,0.0470143,0.238316,0.907506
14.15,0.627419,0.0663725,0.311639,1.00543
14.2,0.627654,0.0983941,0.389111,1.11516
14.25,0.623112,0.13863,0.456055,1.2178
14.3,0.612722,0.182529,0.503322,1.29857
14.35,0.594342,0.226859,0.529621,1.35082
14.4,0.565889,0.270329,0.541048,1.37727
14.45,0.526746,0.313094,0.548597,1.38844
14.5,0.478575,0.355664,0.564148,1.39839
14.55,0.424997,0.398134,0.595293,1.41842
14.6,0.370296,0.44018,0.640646,1.45112
14.65,0.317904,0.481532,0.688473,1.48791
14.7,0.26952,0.522117,0.720551,1.51219
14.75,0.225278,0.561461,0.719902,1.50664
14.8,0.184685,0.597696,0.678358,1.46074
14.85,0.147581,0.627112,0.60009,1.37478
14.9,0.114478,0.644875,0.500085,1.25944
14.95,0.0861257,0.646697,0.399097,1.13192
15,0.0628065,0.630463,0.31723,1.0105
15.05,0.0440484,0.596891,0.267782,0.908721
15.1,0.0291444,0.549033,0.252991,0.831168
15.15,0.0182079,0.491226,0.263709,0.773142
15.2,0.0129886,0.428271,0.284074,0.725334
15.25,0.0167049,0.365067,0.299478,0.681249
15.3,0.0327299,0.3063,0.303598,0.642628
15.35,0.0627452,0.255713,0.300689,0.619148
15.4,0.105407,0.215037,0.302518,0.622962
15.45,0.156353,0.183355,0.322486,0.662194
15.5,0.209624,0.157648,0.370084,0.737356
15.55,0.259741,0.134558,0.447243,0.841542
15.6,0.303347,0.112414,0.546907,0.962668
15.65,0.339638,0.0922855,0.654134,1.08606
15.7,0.369601,0.0774304,0.750138,1.19717
15.75,0.39477,0.0716297,0.818331,1.28473
15.8,0.416376,0.0775539,0.849662,1.34359
15.85,0.435318,0.0960651,0.84451,1.37589
15.9,0.452661,0.126481,0.81069,1.38983
15.95,0.46993,0.167136,0.759622,1.39669
16,0.488617,0.215624,0.702925,1.40717
16.05,0.508992,0.268752,0.64995,1.42769
16.1,0.528967,0.322728,0.605586,1.45728
16.15,0.543939,0.373936,0.568531,1.48641
16.2,0.548057,0.419965,0.531657,1.49968
16.25,0.536454,0.460072,0.485594,1.48212
16.3,0.507333,0.494501,0.424222,1.42606
16.35,0.462763,0.523028,0.348889,1.33468
16.4,0.407776,0.543826,0.269069,1.22067
16.45,0.348309,0.55365,0.19971,1.10167
16.5,0.289187,0.549363,0.157052,0.995602
16.55,0.233187,0.529774,0.154179,0.91714
16.6,0.181479,0.496504,0.196662,0.874646
16.65,0.134824,0.453353,0.279289,0.867466
16.7,0.0944973,0.404717,0.386074,0.885288
16.75,0.0622522,0.354203,0.495074,0.911529
16.8,0.039416,0.304149,0.586474,0.930039
16.85,0.0259154,0.25592,0.649563,0.931398
16.9,0.0201182,0.210326,0.684779,0.915223
16.95,0.0197814,0.167755,0.700563,0.888099
17,0.0235532,0.128281,0.707937,0.859771
17.05,0.0319877,0.0922706,0.715779,0.840037
17.1,0.0472707,0.0615365,0.727793,0.8366
17.15,0.071695,0.040267,0.740946,0.852908
17.2,0.105795,0.0346268,0.745847,0.886269
17.25,0.147347,0.0506181,0.730053,0.928018
17.3,0.191935,0.0910642,0.683772,0.966771
17.35,0.234783,0.153424,0.6051,0.993307
17.4,0.27275,0.229817,0.501624,1.00419
17.45,0.30526,0.30931,0.387887,1.00246
17.5,0.333663,0.381205,0.281159,0.996027
17.55,0.359531,0.43772,0.198048,0.995299
17.6,0.383063,0.475178,0.152141,1.01038
17.65,0.402646,0.49392,0.151194,1.04776
17.7,0.415769,0.497623,0.193781,1.10717
17.75,0.420587,0.492375,0.26777,1.18073
17.8,0.416968,0.48526,0.353183,1.25541
17.85,0.406306,0.482196,0.429073,1.31758
17.9,0.390263,0.485471,0.480929,1.35666
17.95,0.3694,0.492238,0.504953,1.36659
18,0.342767,0.495157,0.508019,1.34594
18.05,0.308828,0.485309,0.504285,1.29842
18.1,0.267156,0.45604,0.509643,1.23284
18.15,0.219725,0.405751,0.534816,1.16029
18.2,0.170851,0.33836,0.579007,1.08822
18.25,0.125718,0.261655,0.627657,1.01503
18.3,0.0883803,0.184908,0.657212,0.930501
18.35,0.0604952,0.117086,0.645789,0.82337
18.4,0.041542,0.0659534,0.584178,0.691673
18.45,0.0302888,0.0374803,0.480993,0.548762
18.5,0.0264109,0.0348944,0.359663,0.420968
18.55,0.0310827,0.0575678,0.249827,0.338478
18.6,0.0460983,0.100667,0.177648,0.324413
18.65,0.0721285,0.156335,0.15828,0.386743
18.7,0.10737,0.216141,0.191981,0.515491
18.75,0.147629,0.273513,0.264756,0.685898
18.8,0.187946,0.324821,0.353951,0.866718
18.85,0.22481,0.368829,0.437157,1.0308
18.9,0.257625,0.405406,0.50033,1.16336
18.95,0.28851,0.434757,0.540938,1.2642
19,0.320607,0.457615,0.565281,1.3435
19.05,0.355984,0.47567,0.582956,1.41461
19.1,0.394382,0.491146,0.602223,1.48775
19.15,0.433432,0.505196,0.627507,1.56614
19.2,0.469923,0.516117,0.657879,1.64392
19.25,0.501063,0.518915,0.685895,1.70587
19.3,0.524813,0.506994,0.698262,1.73007
19.35,0.539201,0.475222,0.680084,1.69451
19.4,0.541417,0.422558,0.621776,1.58575
19.45,0.527758,0.352784,0.5249,1.40544
19.5,0.494954,0.273258,0.403519,1.17173
19.55,0.442346,0.192824,0.280702,0.915873
19.6,0.373587,0.120193,0.182352,0.676133
19.65,0.296621,0.0631303,0.130437,0.490188
19.7,0.221588,0.0278551,0.136632,0.386075
19.75,0.157552,0.0179977,0.197724,0.373274
19.8,0.109696,0.0333339,0.295455,0.438485
19.85,0.0783621,0.0693757,0.40284,0.550577
19.9,0.0602738,0.118713,0.495055,0.674042
19.95,0.0510255,0.173768,0.559042,0.783836
20,0.0473496,0.229373,0.596205,0.872927
20.05,0.0480307,0.283496,0.617538,0.949064
20.1,0.0533587,0.335755,0.635562,1.02468
20.15,0.0639597,0.38504,0.658099,1.1071
20.2,0.0800843,0.428216,0.685696,1.194
20.25,0.101853,0.460923,0.711642,1.27442
20.3,0.130033,0.479734,0.723674,1.33344
20.35,0.166367,0.483879,0.707855,1.3581
20.4,0.212738,0.475192,0.654485,1.34241
20.45,0.269331,0.456513,0.56348,1.28932
20.5,0.33289,0.429957,0.445838,1.20869
20.55,0.396363,0.396378,0.320436,1.11318
20.6,0.450527,0.356098,0.208929,1.01555
20.65,0.487027,0.309895,0.131816,0.928738
20.7,0.501278,0.259253,0.105617,0.866149
20.75,0.493723,0.205926,0.138953,0.838602
20.8,0.468833,0.151803,0.227317,0.847952
20.85,0.432558,0.0998637,0.350358,0.88278
20.9,0.389772,0.0556815,0.476179,0.921633
20.95,0.343087,0.0278739,0.572456,0.943417
21,0.293462,0.026113,0.618634,0.93821
21.05,0.241814,0.057039,0.612458,0.911311
21.1,0.190318,0.120241,0.568414,0.878973
21.15,0.142438,0.206879,0.510493,0.85981
21.2,0.101744,0.30201,0.462974,0.866728
21.25,0.0704522,0.389399,0.441626,0.901477
21.3,0.048817,0.456216,0.447386,0.952419
21.35,0.0358262,0.495546,0.465606,0.996979
21.4,0.0306672,0.506438,0.473157,1.01026
21.45,0.0338283,0.492621,0.451116,0.977565
21.5,0.0469353,0.461135,0.395808,0.903879
21.55,0.0713378,0.421065,0.321243,0.813646
21.6,0.106406,0.381724,0.252205,0.740334
21.65,0.148793,0.350017,0.213668,0.712479
21.7,0.193333,0.327889,0.222822,0.744044
21.75,0.235123,0.311592,0.285355,0.83207
21.8,0.271523,0.293801,0.393957,0.959281
21.85,0.302774,0.26776,0.528037,1.09857
21.9,0.330826,0.231096,0.656801,1.21872
21.95,0.357121,0.187082,0.747503,1.29171
22,0.380785,0.142925,0.776416,1.30013
22.05,0.398408,0.106686,0.736768,1.24186
22.1,0.405555,0.0850218,0.639861,1.13044
22.15,0.399043,0.0827469,0.510507,0.992297
22.2,0.378548,0.10332,0.380217,0.862084
22.25,0.34661,0.148622,0.279643,0.774875
22.3,0.307155,0.217346,0.229894,0.754394
22.35,0.263625,0.303074,0.234472,0.801172
22.4,0.217964,0.394012,0.277181,0.889156
22.45,0.171016,0.475394,0.330195,0.976605
22.5,0.123891,0.533653,0.369256,1.0268
22.55,0.0791783,0.560097,0.386259,1.02553
22.6,0.0410594,0.552321,0.39095,0.984331
22.65,0.0141905,0.513338,0.40215,0.929679
22.7,0.0021219,0.449841,0.43625,0.888213
22.75,0.00631587,0.370996,0.499965,0.877277
22.8,0.0263484,0.287801,0.588288,0.902437
22.85,0.0609625,0.211927,0.685034,0.957923
22.9,0.108983,0.153256,0.765383,1.02762
22.95,0.169197,0.116883,0.802372,1.08845
23,0.239115,0.101561,0.777085,1.11776
23.05,0.313511,0.101182,0.687343,1.10204
23.1,0.384011,0.108778,0.548971,1.04176
23.15,0.440555,0.120572,0.389504,0.950631
23.2,0.474376,0.137363,0.240058,0.851797
23.25,0.481128,0.162513,0.130206,0.773846
23.3,0.462518,0.198288,0.0844169,0.745223
23.35,0.425547,0.243408,0.115685,0.784641
23.4,0.379728,0.293387,0.217023,0.890139
23.45,0.33369,0.342903,0.358376,1.03497
23.5,0.292782,0.387932,0.495658,1.17637
23.55,0.25854,0.426006,0.589042,1.27359
23.6,0.229775,0.454898,0.619095,1.30377
23.65,0.204255,0.471497,0.591182,1.26693
23.7,0.17997,0.472242,0.528276,1.18049
23.75,0.155581,0.454793,0.459535,1.06991
23.8,0.130436,0.41934,0.41055,0.960327
23.85,0.104765,0.36833,0.395946,0.869041
23.9,0.0802965,0.305103,0.414005,0.799404
23.95,0.0608687,0.233208,0.446483,0.74056
24,0.0522196,0.157569,0.467223,0.677012
24.05,0.0604421,0.0866355,0.456839,0.603917
24.1,0.0894535,0.0330181,0.413872,0.536344
24.15,0.138656,0.0106523,0.354424,0.503733
24.2,0.202151,0.0291078,0.30214,0.533399
24.25,0.270176,0.0882604,0.277803,0.636239
24.3,0.332231,0.176873,0.294867,0.803971
24.35,0.380407,0.276257,0.358431,1.01509
24.4,0.411289,0.366887,0.462038,1.24021
24.45,0.425658,0.434208,0.583058,1.44292
24.5,0.426462,0.471012,0.684303,1.58178
24.55,0.416436,0.476578,0.726752,1.61977
24.6,0.396764,0.454684,0.687692,1.53914
24.65,0.367346,0.412349,0.572136,1.35183
24.7,0.328179,0.359258,0.410666,1.0981
24.75,0.280712,0.30646,0.247502,0.834673
24.8,0.228251,0.263495,0.127061,0.618808
24.85,0.175266,0.235074,0.0829236,0.493263
24.9,0.126213,0.219646,0.128412,0.474271
24.95,0.0847439,0.211353,0.250138,0.546235
25,0.0536887,0.204308,0.410426,0.668423
25.05,0.0355009,0.196241,0.562016,0.793758
25.1,0.0324252,0.189022,0.668309,0.889756
25.15,0.0458807,0.186162,0.71579,0.947833
25.2,0.0752672,0.189883,0.71134,0.976491
25.25,0.117055,0.200431,0.670571,0.988057
25.3,0.165065,0.217962,0.609325,0.992351
25.35,0.212179,0.244654,0.542966,0.999799
25.4,0.252743,0.284199,0.487075,1.02402
25.45,0.284348,0.338141,0.452468,1.07496
25.5,0.3079,0.401627,0.437331,1.14686
25.55,0.325917,0.462251,0.426301,1.21447
25.6,0.340061,0.503676,0.400722,1.24446
25.65,0.349448,0.512154,0.352472,1.21407
25.7,0.35081,0.48198,0.28998,1.12277
25.75,0.340399,0.4169,0.23347,0.990769
25.8,0.316459,0.32761,0.206098,0.850167
25.85,0.280739,0.227996,0.227323,0.736058
25.9,0.238142,0.132627,0.307392,0.678161
25.95,0.194791,0.0557699,0.439585,0.690146
26,0.155721,0.010242,0.593932,0.759895
26.05,0.123532,0.00472731,0.722151,0.85041
26.1,0.0986016,0.0404101,0.77722,0.916232
26.15,0.0804272,0.109547,0.73671,0.926684
26.2,0.0690225,0.197901,0.613038,0.879961
26.25,0.0654497,0.290089,0.444521,0.800059
26.3,0.0713233,0.374379,0.277305,0.723007
26.35,0.0878875,0.443794,0.152252,0.683933
26.4,0.115472,0.493493,0.100044,0.709009
26.45,0.153656,0.517687,0.136962,0.808306
26.5,0.201735,0.509817,0.256754,0.968306
26.55,0.258688,0.466716,0.425495,1.1509
26.6,0.322204,0.393597,0.589808,1.30561
26.65,0.387191,0.305277,0.697931,1.3904
26.7,0.444938,0.221623,0.720354,1.38692
26.75,0.484114,0.159589,0.657295,1.301
26.8,0.493852,0.126909,0.532981,1.15374
26.85,0.467868,0.121184,0.385793,0.974845
26.9,0.407624,0.134009,0.259502,0.801135
26.95,0.32281,0.156459,0.192519,0.671788
27,0.228645,0.182202,0.203201,0.614047
27.05,0.141139,0.207482,0.279234,0.627855
27.1,0.0725154,0.230042,0.382938,0.685495
27.15,0.0287339,0.249268,0.472833,0.750835
27.2,0.00985951,0.267479,0.525878,0.803217
27.25,0.0124373,0.290019,0.543459,0.845915
27.3,0.0321813,0.322237,0.540226,0.894645
27.35,0.0655093,0.364457,0.530389,0.960356
27.4,0.10952,0.408742,0.52382,1.04208
27.45,0.161115,0.440866,0.528959,1.13094
27.5,0.216376,0.44714,0.551286,1.2148
27.55,0.270833,0.421719,0.584943,1.27749
27.6,0.320371,0.369331,0.608329,1.29803
27.65,0.361926,0.301791,0.593643,1.25736
27.7,0.393308,0.231495,0.525347,1.15015
27.75,0.412307,0.167148,0.411931,0.991386
27.8,0.415976,0.114507,0.282208,0.812691
27.85,0.401089,0.0801461,0.172703,0.653939
27.9,0.365965,0.0733809,0.117533,0.556879
27.95,0.312713,0.103183,0.142486,0.558382
28,0.248323,0.171629,0.256519,0.67647
28.05,0.183429,0.269,0.43989,0.892319
28.1,0.128914,0.374902,0.640849,1.14467
28.15,0.0919498,0.465273,0.792445,1.34967
28.2,0.0736366,0.520839,0.843473,1.43795
28.25,0.0696355,0.532013,0.781694,1.38334
28.3,0.0734703,0.498655,0.633148,1.20527
28.35,0.0805953,0.427156,0.443371,0.951123
28.4,0.0908529,0.328467,0.259878,0.679198
28.45,0.107934,0.218088,0.126028,0.452051
28.5,0.13629,0.115795,0.0781379,0.330222
28.55,0.17746,0.0422284,0.134531,0.354219
28.6,0.228062,0.0124647,0.280597,0.521124
28.65,0.280562,0.0302901,0.466731,0.777583
28.7,0.326199,0.0875514,0.627869,1.04162
28.75,0.358216,0.169422,0.712586,1.24022
28.8,0.373564,0.261695,0.701027,1.33629
28.85,0.372451,0.354569,0.603998,1.33102
28.9,0.356569,0.440587,0.453211,1.25037
28.95,0.327579,0.509841,0.293867,1.13129
29,0.286989,0.548327,0.177546,1.01286
29.05,0.237286,0.542749,0.146857,0.926892
29.1,0.183151,0.489169,0.214629,0.886949
29.15,0.131405,0.398704,0.354416,0.884525
29.2,0.0893363,0.29496,0.514519,0.898816
29.25,0.0623191,0.203982,0.64614,0.912441
29.3,0.0523264,0.143176,0.722658,0.91816
29.35,0.0584011,0.116248,0.738261,0.91291
29.4,0.0787524,0.116341,0.69692,0.892013
29.45,0.11285,0.133434,0.609435,0.855719
29.5,0.161699,0.159908,0.49971,0.821317
29.55,0.225665,0.191155,0.404369,0.821189
29.6,0.301033,0.223197,0.355515,0.879744
29.65,0.377738,0.251562,0.358715,0.988014
29.7,0.440395,0.273341,0.388651,1.10239
29.75,0.472929,0.290083,0.40887,1.17188
29.8,0.464854,0.307486,0.397772,1.17011
29.85,0.415983,0.330611,0.358783,1.10538
29.9,0.336952,0.358105,0.311751,1.00681
29.95,0.245169,0.380829,0.280428,0.906426
30,0.158279,0.387135,0.287049,0.832463
30.05,0.0885041,0.371199,0.348881,0.808584
30.1,0.040509,0.337671,0.467699,0.845879
30.15,0.0132454,0.298568,0.617552,0.929366
30.2,0.00391842,0.264852,0.74778,1.01655
30.25,0.0112598,0.239833,0.807413,1.05851
30.3,0.0361408,0.22002,0.773918,1.03008
30.35,0.0795649,0.202468,0.662187,0.944219
30.4,0.13985,0.191656,0.509287,0.840793
30.45,0.211196,0.199014,0.354098,0.764308
30.5,0.284682,0.234419,0.23051,0.749611
30.55,0.350971,0.296214,0.170415,0.8176
30.6,0.402838,0.368074,0.198424,0.969336
30.65,0.435988,0.425842,0.313221,1.17505
30.7,0.44805,0.449605,0.474196,1.37185
30.75,0.437133,0.432453,0.614336,1.48392
30.8,0.401716,0.380566,0.675259,1.45754
30.85,0.342525,0.30657,0.636646,1.28574
30.9,0.265285,0.22284,0.518242,1.00637
30.95,0.182041,0.139969,0.360735,0.682746
31,0.109196,0.0696333,0.208557,0.387387
31.05,0.0623509,0.0265338,0.105388,0.194273
31.1,0.0502751,0.0251514,0.0911942,0.166621
31.15,0.0713022,0.0725466,0.187791,0.33164
31.2,0.114407,0.162976,0.379899,0.657281
31.25,0.164606,0.27919,0.612567,1.05636
31.3,0.209764,0.399653,0.813397,1.42281
31.35,0.245026,0.505884,0.923386,1.6743
31.4,0.272523,0.584522,0.91391,1.77096
31.45,0.296903,0.624334,0.786104,1.70734
31.5,0.319815,0.613829,0.567263,1.50091
31.55,0.337036,0.544933,0.313013,1.19498
31.6,0.340172,0.421971,0.103471,0.865614
31.65,0.321873,0.268474,0.0175771,0.607924
31.7,0.281187,0.123743,0.0926469,0.497577
31.75,0.225568,0.0280669,0.299756,0.553391
31.8,0.168133,0.00469709,0.558269,0.731099
31.85,0.121767,0.0502707,0.778896,0.950933
31.9,0.0935964,0.139818,0.901055,1.13447
31.95,0.0830152,0.242044,0.902463,1.22752
32,0.0841425,0.333672,0.790026,1.20784
32.05,0.0907853,0.403783,0.593769,1.08834
32.1,0.100578,0.448168,0.36801,0.916756
32.15,0.115753,0.461757,0.183443,0.760952
32.2,0.140401,0.437541,0.0997551,0.677697
32.25,0.176422,0.37321,0.134306,0.683938
32.3,0.221091,0.27884,0.254272,0.754203
32.35,0.267869,0.177474,0.399989,0.845332
32.4,0.309686,0.096527,0.518062,0.924275
32.45,0.342209,0.0559085,0.578041,0.976158
32.5,0.36472,0.0614081,0.569468,0.995597
32.55,0.378107,0.106987,0.496654,0.981748
32.6,0.381751,0.181932,0.382169,0.945852
32.65,0.372114,0.275482,0.26898,0.916577
32.7,0.344722,0.375418,0.206357,0.926496
32.75,0.298688,0.46429,0.224243,0.987221
32.8,0.240728,0.520228,0.318672,1.07963
32.85,0.185334,0.525224,0.461434,1.17199
32.9,0.14989,0.475972,0.620552,1.24641
32.95,0.146768,0.3883,0.767964,1.30303
33,0.176741,0.29025,0.871191,1.33818
33.05,0.227766,0.208055,0.89056,1.32638
33.1,0.28029,0.155322,0.799332,1.23494
33.15,0.31642,0.133117,0.613201,1.06274
33.2,0.327928,0.139091,0.396243,0.863263
33.25,0.318656,0.17577,0.229212,0.723638
33.3,0.300192,0.248983,0.164046,0.713221
33.35,0.283686,0.356788,0.202329,0.842803
33.4,0.272874,0.479045,0.309696,1.06162
33.45,0.262481,0.579013,0.443565,1.28506
33.5,0.242714,0.619292,0.566915,1.42892
33.55,0.206756,0.582341,0.64675,1.43585
33.6,0.156413,0.48096,0.656514,1.29389
33.65,0.102405,0.350975,0.591427,1.04481
33.7,0.059253,0.231423,0.480641,0.771317
33.75,0.0381232,0.146294,0.375638,0.560055
33.8,0.0420572,0.09933,0.318629,0.460016
33.85,0.0662597,0.0823122,0.318347,0.466919
33.9,0.102676,0.0871566,0.353739,0.543572
33.95,0.145366,0.111205,0.396827,0.653398
34,0.192883,0.153151,0.429472,0.775507
34.05,0.246218,0.206161,0.442694,0.895073
34.1,0.304085,0.256748,0.430847,0.991681
34.15,0.35935,0.291554,0.395311,1.04621
34.2,0.399698,0.305901,0.352769,1.05837
34.25,0.412746,0.305862,0.330931,1.04954
34.3,0.392644,0.30161,0.348711,1.04296
34.35,0.344001,0.298201,0.400833,1.04304
34.4,0.280485,0.292644,0.466189,1.03932
34.45,0.218846,0.280181,0.531952,1.03098
34.5,0.171994,0.263692,0.604414,1.0401
34.55,0.145297,0.256412,0.691395,1.0931
34.6,0.137959,0.273806,0.776019,1.18778
34.65,0.147829,0.32054,0.81552,1.28389
34.7,0.175571,0.383937,0.772524,1.33203
34.75,0.224655,0.440574,0.649093,1.31432
34.8,0.296678,0.471483,0.489052,1.25721
34.85,0.385213,0.473663,0.347641,1.20652
34.9,0.47305,0.458389,0.260136,1.19157
34.95,0.536052,0.438227,0.23628,1.21056
35,0.552731,0.414766,0.274068,1.24157
35.05,0.514683,0.378691,0.366645,1.26002
35.1,0.431798,0.32281,0.492346,1.24695
35.15,0.328738,0.256452,0.606768,1.19196
35.2,0.234139,0.207025,0.658599,1.09976
35.25,0.16827,0.204614,0.622746,0.99563
35.3,0.135841,0.259974,0.519909,0.915723
35.35,0.127607,0.353021,0.401924,0.882553
35.4,0.129164,0.441821,0.316182,0.887167
35.45,0.131139,0.486492,0.281079,0.89871
35.5,0.134467,0.471183,0.288487,0.894137
35.55,0.147791,0.409178,0.320405,0.877373
35.6,0.179153,0.329552,0.35912,0.867825
35.65,0.227772,0.257337,0.387571,0.87268
35.7,0.281488,0.202207,0.392073,0.875769
35.75,0.321718,0.161677,0.372313,0.855709
35.8,0.332875,0.132249,0.34628,0.811404
35.85,0.310373,0.116631,0.33802,0.765024
35.9,0.262372,0.120807,0.35709,0.74027
35.95,0.204482,0.145318,0.392991,0.742791
36,0.15117,0.180636,0.433056,0.764862
36.05,0.109492,0.21221,0.483049,0.804751
36.1,0.0789206,0.231096,0.562713,0.87273
36.15,0.0566939,0.240299,0.676493,0.973486
36.2,0.044306,0.250623,0.791438,1.08637
36.25,0.0499491,0.269568,0.850984,1.1705
36.3,0.0845912,0.293489,0.815532,1.19361
36.35,0.153902,0.310571,0.691315,1.15579
36.4,0.251415,0.312291,0.522195,1.0859
36.45,0.357906,0.302952,0.359234,1.02009
36.5,0.448182,0.298161,0.242392,0.988734
36.55,0.501719,0.312857,0.205702,1.02028
36.6,0.511043,0.349096,0.282176,1.14231
36.65,0.483125,0.394371,0.48355,1.36105
36.7,0.433446,0.432004,0.766754,1.6322
36.75,0.376995,0.454227,1.02853,1.85975
36.8,0.32214,0.465919,1.15154,1.9396
36.85,0.271032,0.47547,1.07427,1.82078
36.9,0.225411,0.481545,0.828226,1.53518
36.95,0.192709,0.469427,0.513393,1.17553
37,0.186925,0.422977,0.237465,0.847367
37.05,0.222268,0.343951,0.0695279,0.635747
37.1,0.302896,0.26182,0.0327924,0.597509
37.15,0.415461,0.222681,0.118627,0.756769
37.2,0.530308,0.261891,0.293551,1.08575
37.25,0.612248,0.37893,0.496953,1.48813
37.3,0.635852,0.533139,0.650917,1.81991
37.35,0.596986,0.664408,0.692749,1.95414
37.4,0.514049,0.724945,0.609778,1.84877
37.45,0.418183,0.700864,0.445312,1.56436
37.5,0.338033,0.611015,0.269732,1.21878
37.55,0.287653,0.487973,0.142843,0.918469
37.6,0.263933,0.358107,0.0960958,0.718136
37.65,0.253927,0.235281,0.136477,0.625685
37.7,0.24649,0.128981,0.252403,0.627873
37.75,0.240346,0.0547885,0.410561,0.705696
37.8,0.243545,0.0340257,0.555551,0.833122
37.85,0.265185,0.0803593,0.628035,0.973579
37.9,0.305504,0.184276,0.595214,1.08499
37.95,0.351535,0.30994,0.468717,1.13019
38,0.381817,0.409835,0.295694,1.08735
38.05,0.377648,0.448432,0.136463,0.962544
38.1,0.333944,0.418772,0.0509145,0.80363
38.15,0.262826,0.34129,0.0942572,0.698373
38.2,0.187547,0.247696,0.301446,0.736688
38.25,0.130407,0.163053,0.652603,0.946062
38.3,0.101963,0.0983871,1.04844,1.24879
38.35,0.0978768,0.055852,1.33658,1.49031
38.4,0.104737,0.0380311,1.39023,1.533
38.45,0.110545,0.0511213,1.18548,1.34715
38.5,0.112807,0.0991495,0.814933,1.02689
38.55,0.119075,0.175667,0.429362,0.724105
38.6,0.139966,0.261951,0.161129,0.563045
38.65,0.179694,0.334613,0.0865154,0.600823
38.7,0.230741,0.376742,0.230516,0.837999
38.75,0.276417,0.383579,0.573,1.233
38.8,0.299794,0.35918,1.03327,1.69225
38.85,0.293244,0.3093,1.46406,2.06661
38.9,0.262463,0.239238,1.7004,2.2021
38.95,0.222571,0.159925,1.65356,2.03606
39,0.189084,0.0957813,1.37517,1.66003
39.05,0.169845,0.0833008,1.02398,1.27712
39.1,0.163154,0.155319,0.754798,1.07327
39.15,0.162896,0.318508,0.625011,1.10642
39.2,0.166571,0.540169,0.5962,1.30294
39.25,0.17998,0.756545,0.611619,1.54814
39.3,0.214565,0.90043,0.659657,1.77465
39.35,0.27856,0.931678,0.762872,1.97311
39.4,0.367734,0.851889,0.922605,2.14223
39.45,0.462507,0.696221,1.09504,2.25377
39.5,0.534605,0.51172,1.227,2.27332
39.55,0.56046,0.339501,1.30154,2.2015
39.6,0.533958,0.211357,1.33199,2.07731
39.65,0.470974,0.156299,1.3119,1.93917
39.7,0.402618,0.202667,1.19154,1.79683
39.75,0.360665,0.366031,0.927588,1.65428
39.8,0.363118,0.628503,0.562707,1.55433
39.85,0.40766,0.927886,0.242706,1.57825
39.9,0.475899,1.17258,0.132725,1.78121
39.95,0.544966,1.28052,0.298088,2.12358
40,0.599018,1.22053,0.655804,2.47535
40.05,0.634007,1.02913,1.03557,2.69871
40.1,0.653909,0.790362,1.28768,2.73195
40.15,0.662359,0.590945,1.3458,2.5991
40.2,0.656515,0.479688,1.21617,2.35237
40.25,0.628174,0.455372,0.940724,2.02427
40.3,0.571885,0.485857,0.586294,1.64404
40.35,0.494567,0.539156,0.253411,1.28713
40.4,0.419343,0.601769,0.0582227,1.07933
40.45,0.379323,0.673615,0.0717315,1.12467
40.5,0.403143,0.749979,0.263661,1.41678
40.55,0.499481,0.811222,0.512719,1.82342
40.6,0.649161,0.832377,0.686631,2.16817
40.65,0.80985,0.805223,0.726069,2.34114
40.7,0.931753,0.752104,0.662761,2.34662
40.75,0.976908,0.715707,0.56722,2.25984
40.8,0.932965,0.728731,0.484994,2.14669
40.85,0.815525,0.785599,0.418313,2.01944
40.9,0.659194,0.839573,0.353722,1.85249
40.95,0.503,0.83066,0.291894,1.62555
41,0.377705,0.726382,0.246939,1.35103
41.05,0.300135,0.54689,0.226001,1.07303
41.1,0.274888,0.356657,0.22128,0.852825
41.15,0.299553,0.228709,0.225036,0.753297
41.2,0.368534,0.205986,0.245606,0.820127
41.25,0.472794,0.284351,0.300107,1.05725
41.3,0.596726,0.424178,0.388688,1.40959
41.35,0.716125,0.577124,0.479579,1.77283
41.4,0.801047,0.706968,0.524841,2.03286
41.45,0.824289,0.792915,0.494764,2.11197
41.5,0.772318,0.820676,0.399879,1.99287
41.55,0.653077,0.776381,0.282376,1.71183
41.6,0.495925,0.65318,0.187498,1.3366
41.65,0.342637,0.46594,0.140212,0.948788
41.7,0.232848,0.258904,0.141898,0.63365
41.75,0.190212,0.0943615,0.181163,0.465737
41.8,0.21521,0.0249117,0.243645,0.483767
41.85,0.287312,0.0660079,0.313452,0.666772
41.9,0.374776,0.187338,0.371295,0.93341
41.95,0.447176,0.329374,0.397784,1.17433
42,0.48513,0.434439,0.382862,1.30243
42.05,0.483878,0.472685,0.333565,1.29013
42.1,0.450696,0.448601,0.271673,1.17097
42.15,0.398944,0.388141,0.221154,1.00824
42.2,0.342329,0.318916,0.194583,0.855828
42.25,0.291778,0.257489,0.189146,0.738413
42.3,0.255048,0.209202,0.194532,0.658782
42.35,0.237471,0.175274,0.204403,0.617148
42.4,0.241941,0.157857,0.220426,0.620224
42.45,0.267428,0.158297,0.245999,0.671724
42.5,0.307023,0.171869,0.277694,0.756586
42.55,0.347533,0.186146,0.304544,0.838222
42.6,0.372184,0.186837,0.316157,0.875178
42.65,0.366273,0.167696,0.310557,0.844526
42.7,0.323595,0.136616,0.293326,0.753537
42.75,0.250498,0.112232,0.270417,0.633148
42.8,0.165118,0.112501,0.244639,0.522258
42.85,0.0915057,0.142896,0.220532,0.454933
42.9,0.0509181,0.192226,0.210056,0.453201
42.95,0.0540033,0.238641,0.228118,0.520762
43,0.0972915,0.261428,0.278289,0.637009
43.05,0.165325,0.251027,0.342823,0.759175
43.1,0.237106,0.211856,0.389911,0.838873
43.15,0.293679,0.157942,0.394512,0.846133
43.2,0.323516,0.105472,0.35483,0.783817
43.25,0.323932,0.0669382,0.290707,0.681577
43.3,0.298984,0.0489161,0.228097,0.575997
43.35,0.255951,0.0525526,0.185301,0.493805
43.4,0.202673,0.0747552,0.170316,0.447744
43.45,0.146786,0.10902,0.184256,0.440062
43.5,0.0962401,0.14631,0.221614,0.464164
43.55,0.0594673,0.176844,0.267484,0.503796
43.6,0.0439271,0.192807,0.300516,0.537251
43.65,0.0531809,0.190895,0.305072,0.549149
43.7,0.0841316,0.173313,0.282995,0.54044
43.75,0.126528,0.146632,0.252054,0.525214
43.8,0.165834,0.119079,0.230891,0.515805
43.85,0.188632,0.0975564,0.224986,0.511174
43.9,0.188056,0.0855708,0.227115,0.500741
43.95,0.166458,0.0827091,0.229651,0.478818
44,0.133833,0.085623,0.233702,0.453158
44.05,0.102822,0.090019,0.245455,0.438296
44.1,0.0829502,0.0928109,0.265914,0.441676
44.15,0.0770754,0.0934714,0.287145,0.457691
44.2,0.0816436,0.0938995,0.298961,0.474504
44.25,0.0900927,0.0968692,0.297356,0.484317
44.3,0.0970406,0.104004,0.2854,0.486445
44.35,0.100713,0.114581,0.268131,0.483425
44.4,0.102463,0.125929,0.249892,0.478284
44.45,0.104231,0.13502,0.236991,0.476243
44.5,0.106095,0.140005,0.23889,0.48499
44.55,0.105804,0.140592,0.26169,0.508086
44.6,0.100676,0.13726,0.298736,0.536671
44.65,0.0904045,0.13035,0.330167,0.550921
44.7,0.0786017,0.120151,0.335554,0.534307
44.75,0.0716165,0.108022,0.3093,0.488938
44.8,0.0750426,0.0973767,0.264326,0.436745
44.85,0.0899828,0.0931259,0.221289,0.404398
44.9,0.111511,0.0992975,0.194629,0.405438
44.95,0.130545,0.116207,0.187592,0.434344
45,0.138246,0.13925,0.196646,0.474142
45.05,0.130497,0.160476,0.216488,0.507462
45.1,0.109875,0.172193,0.240242,0.522311
45.15,0.0840603,0.17042,0.258692,0.513172
45.2,0.0617506,0.156183,0.264124,0.482057
45.25,0.0485369,0.134266,0.25661,0.439412
45.3,0.0450675,0.110674,0.24474,0.400481
45.35,0.0482299,0.0905735,0.238082,0.376886
45.4,0.0541589,0.0775319,0.238941,0.370632
45.45,0.0608572,0.0735895,0.242681,0.377128
45.5,0.0687166,0.0791696,0.245939,0.393826
45.55,0.0788511,0.0925106,0.252339,0.4237
45.6,0.0907447,0.109344,0.268201,0.468289
45.65,0.101194,0.12383,0.293001,0.518025
45.7,0.105562,0.13088,0.316023,0.552466
45.75,0.100666,0.128667,0.323751,0.553084
45.8,0.0873215,0.11959,0.310492,0.517404
45.85,0.070675,0.108831,0.281867,0.461372
45.9,0.057816,0.101299,0.249528,0.408642
45.95,0.0539884,0.0989746,0.224248,0.377211
46,0.0597059,0.100368,0.213324,0.373398
46.05,0.0705869,0.102288,0.220526,0.3934
46.1,0.08003,0.102516,0.244087,0.426633
46.15,0.0830691,0.101474,0.273787,0.45833
46.2,0.0790317,0.101847,0.293312,0.474191
46.25,0.0714366,0.106627,0.289971,0.468035
46.3,0.0653617,0.117,0.264429,0.44679
46.35,0.0641043,0.131388,0.23064,0.426132
46.4,0.0673054,0.146008,0.205172,0.418486
46.45,0.0716366,0.156384,0.195908,0.423929
46.5,0.0733946,0.158943,0.20015,0.432488
46.55,0.0711107,0.152115,0.211562,0.434788
46.6,0.0663775,0.136835,0.226669,0.429882
46.65,0.0624163,0.116511,0.244473,0.423401
46.7,0.0615226,0.0964337,0.262251,0.420208
46.75,0.0633097,0.0825077,0.274678,0.420495
46.8,0.0650769,0.0793839,0.277814,0.422275
46.85,0.0640834,0.0885306,0.272565,0.425178
46.9,0.0600809,0.107147,0.263147,0.430376
46.95,0.0561786,0.128703,0.253123,0.438005
47,0.0572037,0.145202,0.244586,0.446992
47.05,0.0664691,0.150369,0.241037,0.457875
47.1,0.08307,0.142303,0.24828,0.473654
47.15,0.101639,0.124265,0.269426,0.49533
47.2,0.114961,0.103102,0.298349,0.516412
47.25,0.117961,0.0860772,0.320018,0.524056
47.3,0.110617,0.0777121,0.319943,0.508272
47.35,0.0979187,0.0783027,0.294954,0.471175
47.4,0.0868571,0.0847522,0.255484,0.427093
47.45,0.0822997,0.0930015,0.217872,0.393174
47.5,0.0843223,0.100413,0.194409,0.379145
47.55,0.0886209,0.106649,0.189058,0.384328
47.6,0.0896387,0.112731,0.19931,0.40168
47.65,0.0843107,0.119285,0.21915,0.422746
47.7,0.0739795,0.125423,0.240304,0.439706
47.75,0.063298,0.129076,0.253802,0.446176
47.8,0.0569563,0.12834,0.254057,0.439354
47.85,0.056508,0.122683,0.24284,0.42203
47.9,0.0594649,0.113154,0.228354,0.400973
47.95,0.0612577,0.101783,0.21905,0.38209
48,0.058675,0.09103,0.217944,0.367649
48.05,0.0523551,0.0838289,0.223032,0.359216
48.1,0.0465199,0.0837401,0.232428,0.362688
48.15,0.0460276,0.0941405,0.247464,0.387632
48.2,0.0527217,0.116047,0.269745,0.438514
48.25,0.0636504,0.145741,0.295763,0.505154
48.3,0.072584,0.174389,0.315995,0.562968
48.35,0.0740628,0.191043,0.320487,0.585593
48.4,0.0674064,0.18802,0.305851,0.561277
48.45,0.0579503,0.165435,0.277412,0.500797
48.5,0.0544155,0.131658,0.245611,0.431685
48.55,0.0637866,0.0989949,0.220817,0.383599
48.6,0.0867664,0.0772759,0.210116,0.374158
48.65,0.116684,0.0695455,0.215853,0.402082
48.7,0.142689,0.0724192,0.234388,0.449497
48.75,0.155457,0.0801247,0.255993,0.491575
48.8,0.152032,0.0886624,0.268386,0.50908
48.85,0.13697,0.0969712,0.263578,0.497519
48.9,0.119197,0.104969,0.243201,0.467367
48.95,0.106602,0.111144,0.217421,0.435167
49,0.101728,0.112515,0.197967,0.41221
49.05,0.101114,0.107192,0.191173,0.399479
49.1,0.098464,0.0969382,0.196424,0.391826
49.15,0.0893849,0.0868294,0.209716,0.38593
49.2,0.0745231,0.081774,0.227559,0.383856
49.25,0.0590868,0.0828455,0.247639,0.389571
49.3,0.0491923,0.0870042,0.267086,0.403282
49.35,0.0476063,0.0908934,0.281647,0.420146
49.4,0.0518461,0.0954303,0.287193,0.43447
49.45,0.056002,0.106573,0.282051,0.444626
49.5,0.0550918,0.130579,0.268034,0.453705
49.55,0.0489657,0.167036,0.249858,0.465859
49.6,0.0429638,0.205647,0.233867,0.482477
49.65,0.0446203,0.230376,0.226465,0.501461
49.7,0.0583883,0.228795,0.23178,0.518963
49.75,0.0818399,0.199973,0.24893,0.530743
49.8,0.106057,0.155013,0.270879,0.531949
49.85,0.120348,0.109944,0.286876,0.517168
49.9,0.118615,0.0765464,0.287919,0.48308
49.95,0.103455,0.0578848,0.271876,0.433216
50,0.0852923,0.0509379,0.244682,0.380912
50.05,0.0768154,0.0526111,0.216819,0.346246
50.1,0.085862,0.0629891,0.197652,0.346503
50.15,0.110958,0.0829548,0.191322,0.385235
50.2,0.142141,0.109166,0.196335,0.447642
50.25,0.16654,0.132316,0.208169,0.507025
50.3,0.175336,0.141746,0.222441,0.539522
50.35,0.167976,0.133263,0.236373,0.537612
50.4,0.151305,0.113304,0.248175,0.512784
50.45,0.134468,0.0950204,0.255821,0.485309
50.5,0.123024,0.0887976,0.25704,0.468861
50.55,0.116029,0.0949403,0.250855,0.461823
50.6,0.107792,0.104912,0.239196,0.4519
50.65,0.0929057,0.110285,0.226883,0.430074
50.7,0.0709906,0.111627,0.219791,0.402409
50.75,0.0478725,0.119133,0.222509,0.389515
50.8,0.0322978,0.143713,0.236668,0.412679
50.85,0.030347,0.18567,0.260025,0.476042
50.9,0.0413154,0.230773,0.286157,0.558245
50.95,0.0579492,0.257767,0.305669,0.621385
51,0.0710736,0.251986,0.309917,0.632976
51.05,0.0756827,0.214595,0.296037,0.586314
51.1,0.0744432,0.160617,0.269455,0.504516
51.15,0.0760997,0.108112,0.240881,0.425093
51.2,0.0895394,0.0677595,0.219511,0.37681
51.25,0.117189,0.0408325,0.208154,0.366176
51.3,0.152072,0.025476,0.204298,0.381846
51.35,0.180722,0.0237273,0.20504,0.409489
51.4,0.190524,0.0415732,0.209983,0.442081
51.45,0.177186,0.0815421,0.219225,0.477952
51.5,0.147772,0.135185,0.229829,0.512786
51.55,0.117322,0.18385,0.236038,0.53721
51.6,0.100905,0.209079,0.233629,0.543614
51.65,0.105711,0.204945,0.22352,0.534175
51.7,0.127731,0.18196,0.210677,0.520368
51.75,0.154765,0.158725,0.200353,0.513842
51.8,0.173679,0.147822,0.196561,0.518062
51.85,0.177415,0.147619,0.203634,0.528668
51.9,0.167661,0.146734,0.22628,0.540675
51.95,0.152,0.137014,0.264939,0.553954
52,0.13788,0.123367,0.31057,0.571818
52.05,0.127589,0.121332,0.346494,0.595416
52.1,0.117502,0.143911,0.358469,0.619883
52.15,0.10186,0.188715,0.344301,0.634876
52.2,0.0782379,0.23659,0.313437,0.628264
52.25,0.0507351,0.263418,0.277431,0.591584
52.3,0.0285244,0.255794,0.242049,0.526368
52.35,0.0205477,0.218296,0.208968,0.447812
52.4,0.0298591,0.167451,0.182767,0.380076
52.45,0.051465,0.118734,0.172267,0.342465
52.5,0.075281,0.0781425,0.182838,0.336262
52.55,0.0924469,0.0447544,0.208576,0.345778
52.6,0.100932,0.0200739,0.234579,0.355585
52.65,0.106685,0.0136264,0.247855,0.368166
52.7,0.119388,0.0379298,0.245251,0.402569
52.75,0.145375,0.096356,0.231113,0.472844
52.8,0.182232,0.17497,0.210442,0.567643
52.85,0.218683,0.247051,0.187933,0.653667
52.9,0.240151,0.288396,0.17333,0.701876
52.95,0.236811,0.291884,0.182387,0.711082
53,0.209366,0.269769,0.22645,0.705585
53.05,0.169073,0.242091,0.298934,0.710098
53.1,0.131998,0.221039,0.374415,0.727452
53.15,0.110894,0.204184,0.424217,0.739295
53.2,0.109375,0.18156,0.434284,0.72522
53.25,0.121497,0.149525,0.408628,0.679649
53.3,0.136479,0.118512,0.358406,0.613397
53.35,0.145315,0.107306,0.292264,0.544886
53.4,0.145175,0.128295,0.219021,0.492491
53.45,0.139253,0.176107,0.155433,0.470794
53.5,0.132816,0.22927,0.123667,0.485754
53.55,0.128541,0.263621,0.13626,0.528422
53.6,0.124443,0.266684,0.184077,0.575204
53.65,0.115689,0.242143,0.241798,0.59963
53.7,0.0988141,0.202547,0.28592,0.587282
53.75,0.0752519,0.158257,0.306471,0.53998
53.8,0.0515563,0.112778,0.302989,0.467323
53.85,0.0360238,0.0675747,0.275678,0.379277
53.9,0.0338872,0.0299868,0.227349,0.291223
53.95,0.0442684,0.0147479,0.174286,0.233302
54,0.0609456,0.035692,0.147769,0.244407
54.05,0.0764761,0.0938897,0.175799,0.346165
54.1,0.0869949,0.172808,0.259232,0.519035
54.15,0.0945387,0.245919,0.367234,0.707692
54.2,0.105331,0.29183,0.458363,0.855524
54.25,0.125075,0.30549,0.506485,0.93705
54.3,0.154252,0.297156,0.507384,0.958792
54.35,0.18645,0.28088,0.466105,0.933436
54.4,0.210914,0.262715,0.386687,0.860316
54.45,0.217894,0.238433,0.278644,0.73497
54.5,0.203722,0.201851,0.168791,0.574365
54.55,0.17277,0.155566,0.0965665,0.424902
54.6,0.13531,0.113956,0.0902572,0.339523
54.65,0.102701,0.0952168,0.146533,0.34445
54.7,0.0826241,0.108718,0.234499,0.425842
54.75,0.076783,0.147917,0.31884,0.543541
54.8,0.0817852,0.194317,0.377261,0.653363
54.85,0.0920691,0.228861,0.39872,0.71965
54.9,0.102836,0.241693,0.37505,0.719579
54.95,0.111421,0.23361,0.30519,0.650221
55,0.116874,0.21021,0.209895,0.536979
55.05,0.118733,0.175625,0.134159,0.428517
55.1,0.116276,0.131819,0.123964,0.372059
55.15,0.10886,0.0831739,0.194158,0.386193
55.2,0.0969184,0.0404516,0.31817,0.45554
55.25,0.0825708,0.0185707,0.448951,0.550093
55.3,0.0691037,0.0284466,0.548488,0.646038
55.35,0.0594476,0.0691026,0.598231,0.726781
55.4,0.0546347,0.126794,0.589398,0.770827
55.45,0.0533421,0.182437,0.516031,0.75181
55.5,0.052941,0.221928,0.385339,0.660208
55.55,0.051439,0.241799,0.231463,0.524701
55.6,0.0490503,0.246745,0.108326,0.404122
55.65,0.0483161,0.24232,0.059802,0.350438
55.7,0.0526123,0.229535,0.0934513,0.375598
55.75,0.0639181,0.205736,0.182227,0.451881
55.8,0.0811928,0.170196,0.288482,0.539871
55.85,0.10034,0.128794,0.383014,0.612148
55.9,0.115784,0.0931931,0.444213,0.65319
55.95,0.122776,0.0748971,0.451016,0.648689
56,0.119227,0.0788169,0.390553,0.588597
56.05,0.106281,0.101091,0.277827,0.485199
56.1,0.0876001,0.13211,0.161741,0.381451
56.15,0.0679688,0.161693,0.101112,0.330774
56.2,0.051939,0.182508,0.127302,0.361749
56.25,0.042906,0.190394,0.227089,0.46039
56.3,0.042584,0.183331,0.359135,0.585051
56.35,0.0506888,0.161487,0.483339,0.695515
56.4,0.0648103,0.128694,0.574144,0.767648
56.45,0.0807325,0.0932447,0.613611,0.787589
56.5,0.0934814,0.0657935,0.585302,0.744577
56.55,0.0990176,0.0546488,0.484788,0.638455
56.6,0.095946,0.0614752,0.335846,0.493267
56.65,0.0863182,0.0806958,0.188575,0.355589
56.7,0.0748793,0.103189,0.0939837,0.272052
56.75,0.0669118,0.121531,0.0762463,0.264689
56.8,0.065686,0.132992,0.126293,0.32497
56.85,0.0708836,0.138577,0.216599,0.42606
56.9,0.0789075,0.139794,0.31701,0.535712
56.95,0.0849455,0.1364,0.398185,0.619531
57,0.0856376,0.127028,0.430835,0.6435
57.05,0.0808344,0.111692,0.395316,0.587842
57.1,0.0734769,0.0934641,0.299011,0.465952
57.15,0.0677449,0.0775701,0.181702,0.327017
57.2,0.0666171,0.0686789,0.0964834,0.231779
57.25,0.0702659,0.0687112,0.0789972,0.217974
57.3,0.076125,0.0767689,0.130866,0.28376
57.35,0.0804229,0.0906054,0.228295,0.399323
57.4,0.0801538,0.107732,0.341687,0.529573
57.45,0.0743408,0.125088,0.445836,0.645264
57.5,0.0640448,0.138241,0.517493,0.719778
57.55,0.0514278,0.142108,0.534326,0.727862
57.6,0.0386944,0.133869,0.4851,0.657664
57.65,0.0276094,0.116171,0.382582,0.526362
57.7,0.0196803,0.097541,0.262735,0.379956
57.75,0.0164916,0.0885378,0.166858,0.271888
57.8,0.0195603,0.0956335,0.121044,0.236237
57.85,0.0295173,0.117087,0.128637,0.275241
57.9,0.0450947,0.143951,0.176368,0.365414
57.95,0.0627662,0.16556,0.242919,0.471245
58,0.0776315,0.175421,0.302959,0.556012
58.05,0.085373,0.173367,0.331102,0.589842
58.1,0.0843343,0.163048,0.3117,0.559082
58.15,0.0765274,0.147655,0.249936,0.474118
58.2,0.0668762,0.127843,0.172375,0.367094
58.25,0.0609817,0.103377,0.11274,0.277099
58.3,0.0625492,0.0763923,0.0932495,0.232191
58.35,0.0718266,0.0526557,0.116124,0.240606
58.4,0.0858264,0.0391407,0.168947,0.293914
58.45,0.100107,0.0397364,0.234734,0.374578
58.5,0.111061,0.0527495,0.297135,0.460946
58.55,0.117475,0.0723088,0.341,0.530783
58.6,0.120633,0.0923196,0.35465,0.567602
58.65,0.123111,0.10945,0.335547,0.568108
58.7,0.127053,0.122778,0.293594,0.543425
58.75,0.132882,0.131113,0.246951,0.510945
58.8,0.139028,0.131356,0.213143,0.483527
58.85,0.142629,0.120369,0.202513,0.465511
58.9,0.140746,0.099218,0.216757,0.456721
58.95,0.131523,0.0758451,0.249245,0.456613
59,0.114916,0.0628068,0.284936,0.462659
59.05,0.0928657,0.0706275,0.303408,0.466901
59.1,0.0689606,0.101206,0.288654,0.458821
59.15,0.0476529,0.146181,0.241047,0.434881
59.2,0.0331371,0.191597,0.180347,0.405081
59.25,0.0281081,0.225473,0.13444,0.388021
59.3,0.032791,0.242898,0.122129,0.397818
59.35,0.0446945,0.245564,0.144378,0.434637
59.4,0.0593493,0.237235,0.189267,0.485851
59.45,0.0718575,0.219631,0.242121,0.53361
59.5,0.0786357,0.192201,0.289905,0.560742
59.55,0.0785606,0.155418,0.31954,0.553519
59.6,0.0729926,0.114072,0.318792,0.505857
59.65,0.0647414,0.0770818,0.283957,0.42578
59.7,0.0566006,0.0535886,0.226969,0.337158
59.75,0.0502679,0.0482677,0.171889,0.270424
59.8,0.0461579,0.059387,0.141491,0.247036
59.85,0.0440134,0.0806659,0.145777,0.270456
59.9,0.043731,0.104919,0.181451,0.3301
59.95,0.0457558,0.126487,0.238442,0.410685
60,0.050794,0.141234,0.3031,0.495129
60.05,0.0591365,0.145489,0.355979,0.560604
60.1,0.0701858,0.136246,0.373394,0.579826
60.15,0.0826006,0.113324,0.339751,0.535675
60.2,0.0949701,0.0816574,0.262878,0.439505
60.25,0.106475,0.0510637,0.175801,0.33334
60.3,0.116964,0.0325152,0.118819,0.268299
60.35,0.126309,0.0329222,0.115399,0.274631
60.4,0.133542,0.0519055,0.161993,0.34744
60.45,0.136546,0.0827305,0.237501,0.456778
60.5,0.132829,0.116492,0.319163,0.568484
60.55,0.121116,0.146385,0.389216,0.656718
60.6,0.102838,0.169277,0.431595,0.70371
60.65,0.0823819,0.184307,0.430704,0.697392
60.7,0.0656543,0.190628,0.379665,0.635947
60.75,0.0574876,0.186699,0.290552,0.534738
60.8,0.059273,0.171696,0.193422,0.424391
60.85,0.0682069,0.147504,0.121839,0.33755
60.9,0.0786864,0.11922,0.096533,0.29444
60.95,0.0851474,0.0935048,0.119453,0.298105
61,0.0847762,0.0759525,0.178357,0.339086
61.05,0.0785963,0.0692988,0.253028,0.400923
61.1,0.0704036,0.07329,0.318272,0.461966
61.15,0.0642956,0.0855663,0.348247,0.498108
61.2,0.0623258,0.102415,0.327006,0.491746
61.25,0.0636353,0.119069,0.260172,0.442877
61.3,0.0654239,0.130295,0.175874,0.371593
61.35,0.0649719,0.132019,0.110363,0.307354
61.4,0.0613565,0.123549,0.0883395,0.273245
61.45,0.0558306,0.108726,0.113295,0.277852
61.5,0.0507913,0.0945398,0.172869,0.3182
61.55,0.0481752,0.0875297,0.250078,0.385783
61.6,0.0483943,0.0902023,0.328829,0.467426
61.65,0.0504253,0.0999717,0.392438,0.542835
61.7,0.0527995,0.11135,0.423327,0.587477
61.75,0.0546373,0.119627,0.409643,0.583907
61.8,0.0559385,0.123221,0.354288,0.533448
61.85,0.056999,0.123162,0.276912,0.457072
61.9,0.0575485,0.120647,0.205338,0.383533
61.95,0.0564514,0.115183,0.16241,0.334044
62,0.0523762,0.105061,0.156962,0.3144
62.05,0.0450524,0.0896651,0.18255,0.317267
62.1,0.036167,0.0713568,0.221891,0.329415
62.15,0.0290741,0.055041,0.254009,0.338124
62.2,0.0272533,0.0455956,0.262463,0.335311
62.25,0.032347,0.0452286,0.242516,0.320092
62.3,0.0430051,0.0527994,0.203275,0.299079
62.35,0.0553484,0.0653049,0.162345,0.282998
62.4,0.0648746,0.0798504,0.136076,0.280801
62.45,0.0687129,0.0942655,0.132297,0.295276
62.5,0.0669066,0.10619,0.149794,0.32289
62.55,0.0620193,0.112263,0.182222,0.356504
62.6,0.0574173,0.109162,0.221174,0.387754
62.65,0.0553798,0.096367,0.256632,0.408379
62.7,0.0562031,0.0784106,0.27784,0.412453
62.75,0.0587232,0.0641192,0.277262,0.400105
62.8,0.0617049,0.0624617,0.255468,0.379635
62.85,0.0650051,0.0774982,0.222134,0.364637
62.9,0.0696746,0.105998,0.1916,0.367273
62.95,0.0769874,0.139506,0.176395,0.392888
63,0.0871887,0.169299,0.182821,0.439308
63.05,0.0989424,0.190565,0.209245,0.498752
63.1,0.109921,0.20296,0.245642,0.558522
63.15,0.118109,0.207795,0.275176,0.60108
63.2,0.122851,0.204835,0.280528,0.608214
63.25,0.124836,0.191736,0.25424,0.570811
63.3,0.125042,0.166668,0.205946,0.497656
63.35,0.123459,0.131738,0.158768,0.413966
63.4,0.118666,0.0940582,0.135694,0.348418
63.45,0.108766,0.0632066,0.146555,0.318528
63.5,0.0931554,0.0467551,0.185956,0.325867
63.55,0.0738872,0.0469636,0.241496,0.362346
63.6,0.0554987,0.0606478,0.301866,0.418013
63.65,0.0431134,0.0816931,0.356904,0.48171
63.7,0.0398168,0.103953,0.393077,0.536847
63.75,0.0449039,0.122652,0.394405,0.56196
63.8,0.0541678,0.134245,0.352224,0.540637
63.85,0.062165,0.136127,0.275431,0.473724
63.9,0.0651386,0.127327,0.189855,0.382321
63.95,0.0628401,0.109782,0.125322,0.297945
64,0.0581697,0.0886721,0.100537,0.247378
64.05,0.0549372,0.070722,0.116765,0.242424
64.1,0.0552273,0.0611526,0.161728,0.278108
64.15,0.058071,0.0613114,0.216847,0.336229
64.2,0.0602323,0.0687042,0.262307,0.391244
64.25,0.0585234,0.0792944,0.281027,0.418845
64.3,0.0520764,0.0901599,0.264503,0.406739
64.35,0.0430707,0.100446,0.218467,0.361984
64.4,0.035472,0.110146,0.162203,0.307821
64.45,0.0326557,0.118151,0.11928,0.270087
64.5,0.0354882,0.121602,0.105802,0.262892
64.55,0.042072,0.117324,0.125023,0.284418
64.6,0.0492045,0.104279,0.170589,0.324073
64.65,0.0544639,0.085028,0.232337,0.371829
64.7,0.0574807,0.0650043,0.298085,0.42057
64.75,0.0596004,0.0501077,0.352195,0.461903
64.8,0.0623123,0.0442515,0.377229,0.483793
64.85,0.0656839,0.0482399,0.361779,0.475703
64.9,0.0680049,0.0601473,0.309221,0.437373
64.95,0.0669444,0.0764161,0.238849,0.38221
65,0.0614056,0.0929119,0.176745,0.331063
65.05,0.0527196,0.105844,0.142585,0.301148
65.1,0.0442421,0.112828,0.14147,0.29854
65.15,0.0395167,0.113963,0.164816,0.318295
65.2,0.0401804,0.112134,0.197382,0.349697
65.25,0.0450094,0.111776,0.22496,0.381745
65.3,0.0507606,0.116348,0.239212,0.406321
65.35,0.0542689,0.126082,0.238992,0.419343
65.4,0.0544218,0.137716,0.228804,0.420942
65.45,0.052722,0.146665,0.215622,0.415009
65.5,0.0521133,0.150105,0.205925,0.408143
65.55,0.0549041,0.148566,0.204452,0.407922
65.6,0.0612138,0.144734,0.214174,0.420122
65.65,0.0689661,0.14046,0.235349,0.444775
65.7,0.0753803,0.134576,0.263,0.472957
65.75,0.0788848,0.123586,0.285651,0.488122
65.8,0.0801177,0.104915,0.289144,0.474177
65.85,0.0813392,0.0801616,0.26513,0.426631
65.9,0.0847004,0.0556069,0.218172,0.358479
65.95,0.0905941,0.0392736,0.164927,0.294795
66,0.0972399,0.0365313,0.125164,0.258935
66.05,0.101775,0.047321,0.111365,0.260461
66.1,0.102073,0.0667462,0.124189,0.293008
66.15,0.0980146,0.0882032,0.155028,0.341246
66.2,0.0913629,0.106543,0.191318,0.389224
66.25,0.0843752,0.11923,0.220513,0.424118
66.3,0.0782031,0.12547,0.232762,0.436434
66.35,0.0722519,0.124912,0.224072,0.421236
66.4,0.0649723,0.117489,0.199079,0.38154
66.45,0.0554966,0.104402,0.17012,0.330018
66.5,0.0448877,0.0888782,0.151508,0.285274
66.55,0.0360035,0.0754141,0.152785,0.264203
66.6,0.0319449,0.0676751,0.175956,0.275576
66.65,0.0340845,0.0666593,0.21726,0.318004
66.7,0.0410351,0.0706622,0.269287,0.380984
66.75,0.049328,0.0770597,0.320419,0.446807
66.8,0.0554288,0.084302,0.354284,0.494015
66.85,0.0577864,0.0923199,0.354432,0.504538
66.9,0.0575548,0.101026,0.314253,0.472835
66.95,0.0575028,0.108444,0.244574,0.410521
67,0.0598456,0.110514,0.170741,0.341101
67.05,0.0644807,0.103277,0.119556,0.287314
67.1,0.0688529,0.0860319,0.105664,0.260549
67.15,0.0695855,0.0629845,0.127232,0.259802
67.2,0.0648111,0.0418859,0.171858,0.278555
67.25,0.0556394,0.0303386,0.225207,0.311185
67.3,0.045746,0.0321579,0.275127,0.353031
67.35,0.0393001,0.0460339,0.311112,0.396445
67.4,0.0385419,0.0670063,0.324192,0.42974
67.45,0.0425547,0.089385,0.310212,0.442151
67.5,0.0479863,0.109124,0.273829,0.43094
67.55,0.0512085,0.124522,0.228404,0.404134
67.6,0.0504911,0.135513,0.190456,0.37646
67.65,0.0468092,0.142592,0.172131,0.361532
67.7,0.04285,0.146154,0.176242,0.365246
67.75,0.0409801,0.146332,0.195905,0.383218
67.8,0.0415849,0.143056,0.218054,0.402695
67.85,0.042878,0.136214,0.229152,0.408244
67.9,0.0422498,0.126056,0.221227,0.389532
67.95,0.0381851,0.113787,0.195687,0.347659
68,0.031434,0.101858,0.162496,0.295788
68.05,0.0246706,0.0932855,0.134716,0.252672
68.1,0.0209136,0.0899928,0.121885,0.232791
68.15,0.0217933,0.0911793,0.126631,0.239603
68.2,0.0267961,0.0931945,0.145861,0.265852
68.25,0.0338975,0.0915624,0.173919,0.299379
68.3,0.0410386,0.0841297,0.204396,0.329565
68.35,0.0473731,0.0731141,0.230244,0.350731
68.4,0.0534542,0.0642973,0.244474,0.362226
68.45,0.0603391,0.063592,0.242878,0.366809
68.5,0.0683678,0.0732488,0.227041,0.368657
68.55,0.0765767,0.0903768,0.204658,0.371612
68.6,0.0831962,0.108804,0.186243,0.378243
68.65,0.0868574,0.122839,0.180304,0.390001
68.7,0.0875873,0.130185,0.18969,0.407462
68.75,0.0868091,0.132058,0.210257,0.429125
68.8,0.0862938,0.130889,0.231891,0.449074
68.85,0.0867928,0.127742,0.242072,0.456607
68.9,0.0873592,0.121577,0.231842,0.440778
68.95,0.0859142,0.110728,0.2017,0.398343
69,0.080739,0.0951059,0.163072,0.338917
69.05,0.0718841,0.0771705,0.132957,0.282012
69.1,0.0614897,0.0609493,0.124816,0.247255
69.15,0.052714,0.0500009,0.142383,0.245098
69.2,0.0479191,0.0459337,0.180493,0.274346
69.25,0.0472929,0.0483248,0.230348,0.325966
69.3,0.0488349,0.0555681,0.28312,0.387523
69.35,0.0497426,0.0655652,0.329224,0.444531
69.4,0.0483059,0.0757542,0.356833,0.480893
69.45,0.045074,0.0830181,0.354758,0.48285
69.5,0.0425319,0.0843743,0.319534,0.44644
69.55,0.0435045,0.0785645,0.260522,0.382591
69.6,0.049331,0.0674805,0.197196,0.314008
69.65,0.0589839,0.0559924,0.149556,0.264533
69.7,0.0696632,0.049748,0.128679,0.24809
69.75,0.0784227,0.0521404,0.133728,0.264292
69.8,0.0837406,0.0624975,0.155706,0.301944
69.85,0.0860397,0.0767928,0.183379,0.346212
69.9,0.086915,0.0903417,0.20728,0.384537
69.95,0.0877023,0.100491,0.221211,0.409404
70,0.0884261,0.107417,0.222807,0.41865
70.05,0.0878431,0.112699,0.213846,0.414389
70.1,0.0844936,0.117053,0.199632,0.401178
70.15,0.0779582,0.11912,0.18705,0.384128
70.2,0.0693907,0.116234,0.182129,0.367753
70.25,0.0609248,0.106486,0.188088,0.355499
70.3,0.0543676,0.0905027,0.204047,0.348917
70.35,0.0501006,0.0717067,0.224372,0.346179
70.4,0.046972,0.0550013,0.239619,0.341592
70.45,0.0432664,0.0447813,0.24017,0.328218
70.5,0.0380773,0.0433396,0.221646,0.303062
70.55,0.0321101,0.0502393,0.188509,0.270858
70.6,0.0273293,0.0626642,0.152543,0.242536
70.65,0.0256548,0.0765185,0.126644,0.228817
70.7,0.0275867,0.0879894,0.118285,0.233861
70.75,0.0317071,0.0951241,0.127003,0.253834
70.8,0.0354386,0.0987006,0.146529,0.280668
70.85,0.0366007,0.101703,0.168742,0.307046
70.9,0.0347649,0.10738,0.186612,0.328756
70.95,0.0315308,0.116905,0.195688,0.344124
71,0.0295385,0.128238,0.195047,0.352823
71.05,0.030843,0.13719,0.187738,0.355771
71.1,0.0356676,0.140171,0.179791,0.355629
71.15,0.0422865,0.136687,0.177641,0.356614
71.2,0.0480557,0.129639,0.18548,0.363174
71.25,0.0509039,0.123036,0.204057,0.377996
71.3,0.0503638,0.11877,0.230658,0.399792
71.35,0.0475837,0.114977,0.259033,0.421594
71.4,0.0444387,0.107409,0.279483,0.431331
71.45,0.0423914,0.0929667,0.281173,0.416531
71.5,0.041817,0.0728046,0.257591,0.372212
71.55,0.0421041,0.0526296,0.212232,0.306966
71.6,0.0422953,0.0398542,0.159354,0.241503
71.65,0.0417312,0.0395081,0.117728,0.198967
71.7,0.0402722,0.0516237,0.101317,0.193213
71.75,0.0380763,0.0716274,0.113637,0.223341
71.8,0.0352657,0.0931324,0.149004,0.277402
71.85,0.0318582,0.111071,0.197665,0.340594
71.9,0.0280502,0.123276,0.249497,0.400824
71.95,0.024569,0.130053,0.294384,0.449006
72,0.0226696,0.132643,0.322099,0.477412
72.05,0.0235877,0.131937,0.324871,0.480396
72.1,0.0276998,0.128098,0.301822,0.457619
72.15,0.0339763,0.12093,0.26112,0.416026
72.2,0.0402304,0.110439,0.21693,0.3676
72.25,0.0441923,0.0972176,0.182721,0.324131
72.3,0.0448514,0.0826534,0.16539,0.292894
72.35,0.0432298,0.0689572,0.163574,0.275761
72.4,0.0420062,0.0588035,0.170203,0.271012
72.45,0.0440817,0.0543931,0.177006,0.275481
72.5,0.0508585,0.0561911,0.178577,0.285627
72.55,0.061245,0.0621499,0.174403,0.297798
72.6,0.0720221,0.0682597,0.168235,0.308517
72.65,0.079419,0.0704884,0.165304,0.315212
72.7,0.0810298,0.0670841,0.169221,0.317335
72.75,0.0769918,0.0597033,0.180652,0.317347
72.8,0.0697813,0.0524758,0.198172,0.320429
72.85,0.0627833,0.0495276,0.219513,0.331824
72.9,0.0584858,0.0525952,0.241284,0.352364
72.95,0.0573132,0.0602891,0.257723,0.375325
73,0.0576924,0.0693439,0.261192,0.388229
73.05,0.0572094,0.0767873,0.245961,0.379957
73.1,0.0541232,0.0814581,0.21307,0.348651
73.15,0.0483794,0.0839895,0.171861,0.30423
73.2,0.0416389,0.0856171,0.136,0.263256
73.25,0.0364249,0.0869256,0.116565,0.239915
73.3,0.0349417,0.0874364,0.117126,0.239504
73.35,0.0381894,0.0861039,0.133621,0.257914
73.4,0.0457217,0.0821257,0.157702,0.285549
73.45,0.0560023,0.0754655,0.180462,0.31193
73.5,0.0670492,0.0669434,0.194888,0.328881
73.55,0.077039,0.0580913,0.197386,0.332516
73.6,0.0847034,0.0508982,0.188817,0.324419
73.65,0.0895099,0.0473145,0.174349,0.311174
73.7,0.0916789,0.0484066,0.161371,0.301456
73.75,0.092039,0.0534967,0.1563,0.301836
73.8,0.0916841,0.0600319,0.16224,0.313956
73.85,0.0914581,0.0647186,0.178502,0.334679
73.9,0.0914433,0.065552,0.201207,0.358203
73.95,0.0907438,0.0634347,0.223836,0.378014
74,0.0877963,0.0620187,0.238097,0.387912
74.05,0.0811809,0.0655205,0.236423,0.383125
74.1,0.0705715,0.0758167,0.215937,0.362325
74.15,0.0572905,0.090877,0.181296,0.329464
74.2,0.0440606,0.105789,0.143544,0.293394
74.25,0.0339614,0.115775,0.115037,0.264773
74.3,0.0290669,0.119071,0.103848,0.251986
74.35,0.0294779,0.117611,0.111325,0.258414
74.4,0.0333027,0.115052,0.133527,0.281882
74.45,0.0376385,0.113682,0.164232,0.315552
74.5,0.0400579,0.112546,0.196987,0.34959
74.55,0.0398161,0.108169,0.225764,0.373748
74.6,0.0381442,0.0973225,0.245468,0.380935
74.65,0.0374961,0.0798216,0.253127,0.370445
74.7,0.0401764,0.0594073,0.249139,0.348722
74.75,0.0470838,0.042172,0.237344,0.3266
74.8,0.0572035,0.0336088,0.223418,0.31423
74.85,0.0680522,0.0360939,0.21222,0.316366
74.9,0.0767817,0.0481129,0.205378,0.330273
74.95,0.0813587,0.0653757,0.200424,0.347158
75,0.0812711,0.0829757,0.192373,0.35662
75.05,0.0775162,0.0974376,0.177422,0.352376
75.1,0.0719891,0.107781,0.156672,0.336443
75.15,0.066625,0.115273,0.136992,0.31889
75.2,0.0626764,0.122082,0.127694,0.312453
75.25,0.0603632,0.129512,0.135082,0.324957
75.3,0.0589468,0.136749,0.158958,0.354654
75.35,0.0571342,0.14096,0.193577,0.391671
75.4,0.0536551,0.138876,0.23152,0.424051
75.45,0.047832,0.129059,0.266584,0.443475
75.5,0.0399684,0.113345,0.293562,0.446875
75.55,0.0313967,0.0963182,0.306668,0.434383
75.6,0.0241131,0.0828764,0.300075,0.407064
75.65,0.0200716,0.0754075,0.271517,0.366997
75.7,0.0203847,0.0725445,0.226028,0.318957
75.75,0.0247836,0.0704977,0.175808,0.271089
75.8,0.0316288,0.0661236,0.135313,0.233065
75.85,0.0385331,0.0595591,0.114685,0.212777
75.9,0.0433552,0.0544768,0.115891,0.213723
75.95,0.0451033,0.0557152,0.133531,0.23435
76,0.0443018,0.0659391,0.158857,0.269097
76.05,0.0426256,0.0836697,0.184006,0.310301
76.1,0.0419752,0.103992,0.204287,0.350254
76.15,0.0434581,0.121311,0.218197,0.382967
76.2,0.046792,0.132184,0.226138,0.405114
76.25,0.0504242,0.136388,0.2291,0.415912
76.3,0.0522966,0.135847,0.22811,0.416254
76.35,0.0508616,0.132531,0.224382,0.407775
76.4,0.045849,0.126956,0.219368,0.392173
76.45,0.0384262,0.118216,0.214011,0.370654
76.5,0.0307037,0.105253,0.207573,0.343529
76.55,0.02484,0.0882825,0.197438,0.310561
76.6,0.0221637,0.0694179,0.180918,0.2725
76.65,0.0226877,0.0521812,0.158182,0.233051
76.7,0.0251937,0.0402741,0.133905,0.199373
76.75,0.0278205,0.0362197,0.115816,0.179856
76.8,0.02889,0.0404073,0.110815,0.180113
76.85,0.0276321,0.0508819,0.121403,0.199917
76.9,0.024517,0.0640328,0.144759,0.233309
76.95,0.0210637,0.0760448,0.174521,0.27163
77,0.0191896,0.0845448,0.203421,0.307155
77.05,0.0203607,0.0895708,0.225118,0.33505
77.1,0.0248961,0.0931634,0.23508,0.35314
77.15,0.0317484,0.0976702,0.231246,0.360665
77.2,0.0388913,0.103791,0.214792,0.357474
77.25,0.044183,0.109749,0.190344,0.344275
77.3,0.0463273,0.112296,0.164907,0.32353
77.35,0.0454771,0.108972,0.145567,0.300016
77.4,0.0431606,0.100001,0.136912,0.280074
77.45,0.0415236,0.0883829,0.139322,0.269229
77.5,0.0422305,0.0780338,0.148873,0.269137
77.55,0.0455556,0.0712688,0.159077,0.275902
77.6,0.0501324,0.0674562,0.163912,0.281501
77.65,0.0535146,0.0638026,0.16081,0.278128
77.7,0.0533008,0.0576636,0.151917,0.262881
77.75,0.0482914,0.0486885,0.142706,0.239686
77.8,0.0391221,0.039311,0.138803,0.217236
77.85,0.0280742,0.033345,0.143135,0.204554
77.9,0.0181524,0.03375,0.155154,0.207057
77.95,0.0118637,0.0410431,0.172028,0.224935
78,0.0102482,0.0531982,0.190217,0.253664
78.05,0.0125772,0.0668066,0.206085,0.285468
78.1,0.0168153,0.0786089,0.215728,0.311152
78.15,0.0206097,0.0865709,0.215326,0.322507
78.2,0.0223581,0.090203,0.202748,0.315309
78.25,0.0218995,0.0902707,0.179575,0.291745
78.3,0.0205475,0.0881694,0.151751,0.260468
78.35,0.0204618,0.0851817,0.127707,0.233351
78.4,0.0236234,0.0818437,0.114682,0.220149
78.45,0.0308414,0.0777426,0.115359,0.223943
78.5,0.0412266,0.0719932,0.126926,0.240146
78.55,0.0523886,0.0642437,0.143136,0.259768
78.6,0.0613256,0.0555489,0.15797,0.274844
78.65,0.0656601,0.0483174,0.168541,0.282519
78.7,0.0646845,0.0450864,0.175511,0.285282
78.75,0.0597132,0.0468086,0.181218,0.28774
78.8,0.05352,0.0519115,0.187323,0.292755
78.85,0.0490641,0.0570151,0.193823,0.299902
78.9,0.0480809,0.0590212,0.199719,0.306821
78.95,0.0502279,0.057182,0.20407,0.31148
79,0.0532443,0.0536412,0.206073,0.312958
79.05,0.0540927,0.0519869,0.20423,0.310309
79.1,0.0505412,0.0548161,0.196058,0.301415
79.15,0.0423936,0.0620354,0.179458,0.283887
79.2,0.0317251,0.0710545,0.15516,0.257939
79.25,0.0219845,0.07861,0.128195,0.228789
79.3,0.016407,0.0827996,0.106769,0.205976
79.35,0.0165391,0.0838823,0.0988408,0.199262
79.4,0.0216156,0.0834415,0.10848,0.213537
79.45,0.0290738,0.0827479,0.134193,0.246014
79.5,0.0359038,0.0816341,0.16989,0.287428
79.55,0.0401144,0.0786554,0.207483,0.326253
79.6,0.0415778,0.0722827,0.239379,0.35324
79.65,0.0418695,0.0621977,0.259817,0.363884
79.7,0.043252,0.0498376,0.265224,0.358313
79.75,0.0473664,0.0379581,0.254459,0.339783
79.8,0.0542936,0.0295734,0.229477,0.313344
79.85,0.0624155,0.0268319,0.195847,0.285094
79.9,0.0690914,0.030251,0.161886,0.261229
79.95,0.0717927,0.0385261,0.135888,0.246206
80,0.0691722,0.0490057,0.1226,0.240778
80.05,0.0616241,0.0587636,0.121404,0.241792
80.1,0.0511405,0.0658984,0.127776,0.244815
80.15,0.0405558,0.0703881,0.137115,0.248059
80.2,0.0324927,0.0738697,0.147922,0.254285
80.25,0.0284161,0.0782959,0.1618,0.268512
80.3,0.028156,0.084259,0.180525,0.29294
80.35,0.0300993,0.0901952,0.203029,0.323323
80.4,0.0320009,0.0932099,0.225023,0.350234
80.45,0.0321058,0.0910982,0.241393,0.364597
80.5,0.0300958,0.0841254,0.248993,0.363214
80.55,0.0273888,0.0751522,0.247387,0.349928
80.6,0.0265652,0.0678487,0.237354,0.331768
80.65,0.0301059,0.064208,0.219147,0.313461
80.7,0.0390098,0.0632003,0.192652,0.294862
80.75,0.0520027,0.0616308,0.159562,0.273195
80.8,0.0658259,0.0566431,0.125528,0.247997
80.85,0.0765705,0.0480663,0.0998422,0.224479
80.9,0.0814552,0.0389116,0.0919009,0.212268
80.95,0.080151,0.0336718,0.106297,0.22012
81,0.0749278,0.0356372,0.139792,0.250357
81.05,0.0694867,0.0450411,0.182484,0.297012
81.1,0.0670384,0.0591356,0.222625,0.348799
81.15,0.0686207,0.0739001,0.251831,0.394352
81.2,0.0725445,0.0860847,0.267222,0.425852
81.25,0.0752773,0.094319,0.269679,0.439275
81.3,0.073307,0.0988776,0.260673,0.432858
81.35,0.0650155,0.100623,0.241029,0.406668
81.4,0.0515954,0.100008,0.212529,0.364132
81.45,0.0365648,0.096731,0.180004,0.3133
81.5,0.0241711,0.0900888,0.150822,0.265082
81.55,0.0175245,0.079705,0.131385,0.228615
81.6,0.0173833,0.0662165,0.123582,0.207181
81.65,0.0221178,0.0515847,0.124526,0.198229
81.7,0.0287555,0.0388021,0.129911,0.197469
81.75,0.0344958,0.0309536,0.137886,0.203336
81.8,0.0379369,0.029928,0.150025,0.21789
81.85,0.0394884,0.0354305,0.168799,0.243718
81.9,0.0408923,0.045002,0.194103,0.279998
81.95,0.0441812,0.055254,0.221857,0.321292
82,0.0505918,0.0637036,0.245573,0.359868
82.05,0.0598903,0.0700263,0.259306,0.389222
82.1,0.0703376,0.0758053,0.259764,0.405907
82.15,0.0792678,0.0828888,0.246624,0.40878
82.2,0.084045,0.0915431,0.221698,0.397286
82.25,0.083058,0.0998337,0.188249,0.371141
82.3,0.0763921,0.10478,0.15111,0.332282
82.35,0.0659,0.10445,0.117088,0.287438
82.4,0.0545836,0.0993758,0.0943515,0.248311
82.45,0.0454663,0.0921539,0.0899708,0.227591
82.5,0.0403934,0.0854997,0.106438,0.232331
82.55,0.039307,0.0802654,0.139541,0.259113
82.6,0.0403916,0.074977,0.179728,0.295097
82.65,0.0410965,0.0672752,0.216597,0.324969
82.7,0.0395768,0.0561691,0.243413,0.339159
82.75,0.0358162,0.0433936,0.258369,0.337579
82.8,0.0317914,0.032847,0.262215,0.326854
82.85,0.0305124,0.02851,0.255288,0.314311
82.9,0.0343901,0.0322862,0.237247,0.303923
82.95,0.0437971,0.0431421,0.209589,0.296528
83,0.0566354,0.0579118,0.177685,0.292232
83.05,0.0692061,0.0730217,0.149295,0.291522
83.1,0.0779577,0.0859698,0.130254,0.294181
83.15,0.0811825,0.0958051,0.12125,0.298237
83.2,0.07974,0.102645,0.11884,0.301225
83.25,0.0764115,0.106799,0.119806,0.303016
83.3,0.0742508,0.108109,0.124716,0.307076
83.35,0.0748453,0.105829,0.137393,0.318068
83.4,0.0774397,0.0990332,0.160792,0.337265
83.45,0.079379,0.0873739,0.192932,0.359685
83.5,0.0775954,0.071838,0.226301,0.375734
83.55,0.0703089,0.0550641,0.251181,0.376554
83.6,0.0580381,0.0408193,0.260424,0.359281
83.65,0.0434313,0.0326202,0.252428,0.32848
83.7,0.0300755,0.0320918,0.230688,0.292856
83.75,0.0209469,0.0380672,0.200822,0.259836
83.8,0.0172816,0.0471865,0.167721,0.232189
83.85,0.0183495,0.055832,0.135049,0.209231
83.9,0.0221177,0.0622313,0.106994,0.191343
83.95,0.0263746,0.0672877,0.0897051,0.183367
84,0.0297431,0.0734947,0.0897776,0.193015
84.05,0.0321596,0.0826743,0.109946,0.22478
84.1,0.0346943,0.0941883,0.145537,0.27442
84.15,0.0388759,0.104969,0.185501,0.329346
84.2,0.0458399,0.111365,0.218145,0.37535
84.25,0.0556379,0.111429,0.237259,0.404326
84.3,0.0669617,0.105965,0.243732,0.416659
84.35,0.0774066,0.0976415,0.241859,0.416907
84.4,0.0842298,0.0889416,0.234367,0.407538
84.45,0.0853748,0.0805834,0.220865,0.386823
84.5,0.0803773,0.0715542,0.200493,0.352425
84.55,0.0707306,0.0606047,0.175232,0.306567
84.6,0.0594474,0.0479444,0.150104,0.257495
84.65,0.0498966,0.0358159,0.130167,0.21588
84.7,0.0443805,0.0275633,0.117593,0.189537
84.75,0.0431318,0.0259217,0.111751,0.180805
84.8,0.0442893,0.0317002,0.111859,0.187848
84.85,0.044948,0.0435828,0.119156,0.207687
84.9,0.0428067,0.0589164,0.136184,0.237907
84.95,0.0375573,0.0747999,0.163701,0.276058
85,0.0312342,0.0888478,0.19798,0.318062
85.05,0.0272683,0.0994478,0.230936,0.357652
85.1,0.0286948,0.105695,0.253297,0.387687
85.15,0.0364634,0.107238,0.258762,0.402463
85.2,0.0487809,0.104133,0.246476,0.39939
85.25,0.0618722,0.0967191,0.220427,0.379018
85.3,0.0717753,0.0855873,0.186661,0.344024
85.35,0.076212,0.0717394,0.150821,0.298773
85.4,0.0755419,0.0568603,0.117867,0.25027
85.45,0.0723154,0.0433754,0.0933688,0.20906
85.5,0.0697144,0.0339468,0.0837065,0.187368
85.55,0.0697551,0.0304359,0.0933917,0.193583
85.6,0.0722216,0.032915,0.121064,0.226201
85.65,0.0748554,0.0395173,0.158209,0.272581
85.7,0.0746317,0.0474565,0.193012,0.3151
85.75,0.0693935,0.0546667,0.217045,0.341106
85.8,0.0589836,0.0609208,0.229285,0.349189
85.85,0.0453488,0.067549,0.234031,0.346929
85.9,0.031655,0.0759141,0.234962,0.342531
85.95,0.020937,0.0858072,0.231157,0.337901
86,0.0149615,0.0950607,0.218744,0.328767
86.05,0.0137839,0.100758,0.196122,0.310663
86.1,0.016083,0.101143,0.167235,0.28446
86.15,0.0199956,0.0967544,0.139655,0.256405
86.2,0.0240077,0.0898899,0.119509,0.233406
86.25,0.0275197,0.0828378,0.108222,0.218579
86.3,0.0309075,0.0762819,0.103938,0.211127
86.35,0.0351281,0.069125,0.105708,0.209961
86.4,0.041072,0.0598374,0.115993,0.216902
86.45,0.04894,0.0482387,0.138753,0.235932
86.5,0.0578991,0.0363188,0.174546,0.268764
86.55,0.0661859,0.0274793,0.216887,0.310552
86.6,0.0716691,0.024761,0.253351,0.349781
86.65,0.0726872,0.0292827,0.271329,0.373299
86.7,0.0688188,0.0398279,0.264694,0.37334
86.75,0.0612011,0.0536213,0.236726,0.351548
86.8,0.0521738,0.0675979,0.197345,0.317117
86.85,0.0443307,0.0793768,0.15704,0.280748
86.9,0.039394,0.0875955,0.122386,0.249376
86.95,0.0374747,0.0917633,0.09626,0.225498
87,0.037142,0.091958,0.0812072,0.210307
87.05,0.0363175,0.088553,0.081342,0.206212
87.1,0.0335492,0.0820066,0.0998819,0.215438
87.15,0.0289734,0.0727545,0.134463,0.236191
87.2,0.0243972,0.0613253,0.175492,0.261215
87.25,0.0224042,0.0486994,0.2104,0.281504
87.3,0.0249394,0.0366569,0.230863,0.292459
87.35,0.0321478,0.0276634,0.236829,0.296641
87.4,0.042135,0.0240501,0.233994,0.300179
87.45,0.0518168,0.0268148,0.227474,0.306106
87.5,0.0584175,0.0348528,0.217704,0.310975
87.55,0.0608032,0.0453217,0.201888,0.308013
87.6,0.0599237,0.0550914,0.17873,0.293746
87.65,0.0581248,0.0623781,0.151411,0.271914
87.7,0.0577233,0.0674201,0.126131,0.251274
87.75,0.0596345,0.0717176,0.108197,0.239549
87.8,0.0628021,0.0764425,0.0996467,0.238891
87.85,0.0647285,0.0812632,0.100267,0.246259
87.9,0.0628043,0.0844862,0.11018,0.257471
87.95,0.0557188,0.0843469,0.130709,0.270775
88,0.0442215,0.0803746,0.162198,0.286794
88.05,0.0308709,0.0737427,0.200715,0.305329
88.1,0.0189389,0.0663887,0.237042,0.32237
88.15,0.0110472,0.0596944,0.259764,0.330505
88.2,0.00819564,0.0538154,0.260874,0.322885
88.25,0.00959602,0.0481341,0.240007,0.297737
88.3,0.0133008,0.0423449,0.204166,0.259812
88.35,0.0172512,0.0371948,0.163338,0.217784
88.4,0.0202179,0.0342637,0.125655,0.180136
88.45,0.0222181,0.0350068,0.0958092,0.153034
88.5,0.0242773,0.0398489,0.0770216,0.141148
88.55,0.0277062,0.0479782,0.0731484,0.148833
88.6,0.0332628,0.0578403,0.0874721,0.178575
88.65,0.040591,0.0678022,0.118639,0.227032
88.7,0.0481888,0.0764769,0.158143,0.282808
88.75,0.0539254,0.0826594,0.193231,0.329816
88.8,0.0558934,0.0852314,0.214038,0.355163
88.85,0.0532299,0.0833545,0.219184,0.355769
88.9,0.0465454,0.0768826,0.214852,0.33828
88.95,0.0377451,0.0666185,0.208222,0.312585
89,0.0292958,0.0541377,0.201313,0.284746
89.05,0.0232424,0.0413004,0.190673,0.255216
89.1,0.0204183,0.0298447,0.172593,0.222857
89.15,0.0202239,0.0213132,0.148358,0.189895
89.2,0.0210871,0.0171481,0.124446,0.162681
89.25,0.0213861,0.0185511,0.107811,0.147748
89.3,0.0203686,0.0259336,0.101057,0.14736
89.35,0.0185894,0.038302,0.102056,0.158948
89.4,0.0176255,0.0531972,0.107915,0.178738
89.45,0.0192071,0.0675037,0.11896,0.205671
89.5,0.0242174,0.078735,0.138445,0.241397
89.55,0.0321006,0.0859258,0.167914,0.28594
89.6,0.0410039,0.0894898,0.202484,0.332978
89.65,0.0485939,0.0902093,0.230836,0.36964
89.7,0.0531193,0.0882491,0.240859,0.382227
89.75,0.0541619,0.0830622,0.226979,0.364203
89.8,0.0526822,0.0742815,0.193552,0.320516
89.85,0.0503525,0.0628012,0.151835,0.264989
89.9,0.0485553,0.0510244,0.113321,0.212901
89.95,0.0476027,0.0419138,0.0849068,0.174423
90,0.0466064,0.0374727,0.0690271,0.153106
90.05,0.0440672,0.0377802,0.066865,0.148712
90.1,0.0388542,0.0412802,0.0800065,0.160141
90.15,0.0310322,0.0460512,0.108206,0.185289
90.2,0.0220699,0.0510683,0.145792,0.21893
90.25,0.0142967,0.0565751,0.181487,0.252358
90.3,0.00987761,0.0634459,0.2034,0.276724
90.35,0.00983344,0.0721735,0.205733,0.28774
90.4,0.0136155,0.0822636,0.19161,0.287489
90.45,0.0194491,0.092339,0.169802,0.28159
90.5,0.0252595,0.100673,0.148516,0.274448
90.55,0.0296861,0.105679,0.131531,0.266896
90.6,0.0326496,0.106163,0.119022,0.257835
90.65,0.0351773,0.101476,0.110728,0.247381
90.7,0.0385924,0.09176,0.10751,0.237862
90.75,0.0435211,0.0781734,0.109984,0.231679
90.8,0.0492784,0.0627785,0.11652,0.228577
90.85,0.0539998,0.0479387,0.123561,0.225499
90.9,0.0554878,0.0355318,0.128484,0.219503
90.95,0.0523472,0.0265732,0.132144,0.211064
91,0.0448096,0.0215762,0.13821,0.204596
91.05,0.0347878,0.0213087,0.149427,0.205523
91.1,0.0250983,0.0271248,0.164064,0.216288
91.15,0.0182278,0.0402841,0.175903,0.234415
91.2,0.0152698,0.0605306,0.178058,0.253858
91.25,0.0155773,0.0849994,0.167543,0.26812
91.3,0.0173065,0.108518,0.14691,0.272735
91.35,0.0185563,0.125454,0.12207,0.26608
91.4,0.018494,0.132107,0.0988375,0.249439
91.45,0.0178655,0.128161,0.0814838,0.227511
91.5,0.0186125,0.116329,0.0738395,0.208781
91.55,0.0227921,0.100556,0.0802633,0.203612
91.6,0.0313632,0.0840883,0.103621,0.219073
91.65,0.0434691,0.068596,0.140995,0.25306
91.7,0.0565966,0.0546612,0.181471,0.292729
91.75,0.0675458,0.0428835,0.209779,0.320208
91.8,0.0737435,0.0345725,0.2145,0.322816
91.85,0.0742789,0.0314863,0.194791,0.300556
91.9,0.0701833,0.0348936,0.160118,0.265195
91.95,0.0638487,0.044698,0.123432,0.231979
92,0.0578822,0.0592079,0.0938563,0.210946
92.05,0.0539407,0.0756319,0.0747501,0.204323
92.1,0.0520805,0.0909741,0.0671744,0.210229
92.15,0.0509088,0.102931,0.0733717,0.227212
92.2,0.0484528,0.110511,0.0954714,0.254435
92.25,0.0433372,0.114202,0.130534,0.288073
92.3,0.0357136,0.115562,0.16793,0.319206
92.35,0.0274773,0.116244,0.193553,0.337275
92.4,0.0216161,0.116843,0.19869,0.337149
92.45,0.0209309,0.116223,0.186161,0.323315
92.5,0.0266888,0.111969,0.167932,0.306589
92.55,0.0378575,0.101903,0.15574,0.295501
92.6,0.0513522,0.0858342,0.152532,0.289719
92.65,0.0632699,0.0663084,0.151842,0.28142
92.7,0.070588,0.0477106,0.145181,0.26348
92.75,0.0725148,0.0342,0.130427,0.237141
92.8,0.0707823,0.0278544,0.113645,0.212282
92.85,0.0686612,0.0282762,0.103215,0.200152
92.9,0.0691398,0.03379,0.102484,0.205414
92.95,0.0731897,0.0431272,0.108361,0.224678
93,0.0790647,0.056142,0.116974,0.252181
93.05,0.0830778,0.0729641,0.129934,0.285976
93.1,0.0815168,0.092366,0.153604,0.327487
93.15,0.0727094,0.110867,0.190855,0.374432
93.2,0.0581146,0.123578,0.233201,0.414893
93.25,0.0418054,0.126408,0.262241,0.430455
93.3,0.0285772,0.118161,0.261077,0.407815
93.35,0.0216795,0.101075,0.226568,0.349322
93.4,0.0213945,0.0795495,0.171787,0.272731
93.45,0.0252217,0.0580488,0.116768,0.200039
93.5,0.0295304,0.0396285,0.0761426,0.145301
93.55,0.0317232,0.0258145,0.0541987,0.111736
93.6,0.0316796,0.0174091,0.0496631,0.0987518
93.65,0.0316808,0.015176,0.0627289,0.109586
93.7,0.0348989,0.019689,0.0956187,0.150207
93.75,0.0433458,0.0305387,0.14608,0.219964
93.8,0.0564616,0.0457333,0.201789,0.303984
93.85,0.0711244,0.0619858,0.24352,0.376631
93.9,0.0830444,0.0758422,0.256214,0.4151
93.95,0.0887421,0.084947,0.238747,0.412436
94,0.0870446,0.0886774,0.203789,0.379511
94.05,0.0793688,0.0878906,0.167944,0.335204
94.1,0.0687711,0.0841228,0.140908,0.293802
94.15,0.0583882,0.0788063,0.122444,0.259639
94.2,0.0501314,0.0728693,0.108186,0.231187
94.25,0.0442359,0.0667367,0.097189,0.208162
94.3,0.0397292,0.0605563,0.093518,0.193804
94.35,0.0354014,0.0544904,0.10091,0.190802
94.4,0.0306856,0.0489552,0.11687,0.196511
94.45,0.0260274,0.0446852,0.133163,0.203876
94.5,0.0226613,0.0424981,0.142968,0.208127
94.55,0.0220063,0.0428122,0.147644,0.212463
94.6,0.0249983,0.0452436,0.155652,0.225894
94.65,0.0316217,0.0487158,0.173611,0.253949
94.7,0.0407759,0.0522034,0.197722,0.290701
94.75,0.0505081,0.0556404,0.214327,0.320475
94.8,0.0585722,0.0601626,0.210042,0.328777
94.85,0.0631837,0.0671947,0.182524,0.312903
94.9,0.063723,0.0768201,0.142094,0.282637
94.95,0.0610554,0.0866844,0.10328,0.25102
95,0.0572088,0.0925754,0.0750146,0.224799
95.05,0.0544139,0.090671,0.0587299,0.203815
95.1,0.0538986,0.0800596,0.0544505,0.188409
95.15,0.0550776,0.0636668,0.066107,0.184851
95.2,0.0556988,0.0467289,0.0984511,0.200879
95.25,0.0530287,0.0337781,0.148036,0.234842
95.3,0.0455312,0.0263204,0.198646,0.270497
95.35,0.0340862,0.0229408,0.228277,0.285304
95.4,0.0219336,0.0216874,0.223228,0.266849
95.45,0.0132049,0.0227237,0.187171,0.2231
95.5,0.010771,0.0289224,0.137425,0.177119
95.55,0.0146368,0.0436488,0.0925288,0.150814
95.6,0.0219018,0.0672732,0.0625659,0.151741
95.65,0.0284215,0.0951448,0.0493255,0.172892
95.7,0.0312576,0.11886,0.0527093,0.202827
95.75,0.0304518,0.130299,0.0741733,0.234924
95.8,0.0289808,0.125869,0.112838,0.267687
95.85,0.0308246,0.10818,0.159342,0.298346
95.9,0.0382547,0.0841915,0.196162,0.318609
95.95,0.0500061,0.061226,0.206995,0.318227
96,0.0615325,0.0435511,0.18817,0.293254
96.05,0.0673175,0.0315668,0.15185,0.250734
96.1,0.0639451,0.0236507,0.117466,0.205062
96.15,0.0521251,0.0189218,0.0982839,0.169331
96.2,0.0364436,0.0187668,0.0943163,0.149527
96.25,0.0229504,0.0260647,0.0968356,0.145851
96.3,0.0159801,0.0427456,0.099049,0.157775
96.35,0.0160516,0.0674517,0.102192,0.185696
96.4,0.0200301,0.0949808,0.111542,0.226553
96.45,0.0233717,0.118062,0.12754,0.268973
96.5,0.0230525,0.130588,0.142583,0.296223
96.55,0.0194237,0.130534,0.148121,0.298079
96.6,0.015943,0.120883,0.145121,0.281947
96.65,0.017024,0.107917,0.145874,0.270816
96.7,0.025336,0.0977477,0.162983,0.286067
96.75,0.040128,0.0930209,0.195021,0.32817
96.8,0.0574687,0.0917883,0.223593,0.37285
96.85,0.0721478,0.0892986,0.226569,0.388015
96.9,0.0800924,0.0816111,0.19628,0.357984
96.95,0.0800041,0.0686425,0.145838,0.294484
97,0.0735023,0.054514,0.0979603,0.225977
97.05,0.0639485,0.0448758,0.0677215,0.176546
97.1,0.0547575,0.0430805,0.0558528,0.153691
97.15,0.0480746,0.0480207,0.0572291,0.153324
97.2,0.0443033,0.055307,0.0727924,0.172403
97.25,0.0424363,0.0609429,0.110023,0.213402
97.3,0.0408308,0.0646405,0.170512,0.275983
97.35,0.038053,0.0700456,0.238591,0.34669
97.4,0.0335681,0.0814625,0.285466,0.400496
97.45,0.0281552,0.0994733,0.287894,0.415522
97.5,0.0239026,0.118917,0.245199,0.388018
97.55,0.0236232,0.131091,0.179167,0.333881
97.6,0.0296849,0.128875,0.117413,0.275973
97.65,0.042616,0.111219,0.0757441,0.229579
97.7,0.0601999,0.0837984,0.054308,0.198306
97.75,0.0777806,0.0554821,0.0476112,0.180874
97.8,0.0899926,0.0332603,0.0552792,0.178532
97.85,0.0932736,0.0192793,0.081633,0.194186
97.9,0.0878536,0.0117754,0.125488,0.225117
97.95,0.0779353,0.00860932,0.17276,0.259305
98,0.069664,0.0101844,0.202044,0.281892
98.05,0.067781,0.0192487,0.199942,0.286972
98.1,0.072807,0.0377801,0.17221,0.282797
98.15,0.0805023,0.0636172,0.139637,0.283756
98.2,0.0841452,0.089792,0.121635,0.295572
98.25,0.0784883,0.107461,0.122086,0.308036
98.3,0.0631211,0.110574,0.129762,0.303457
98.35,0.0431632,0.0990961,0.131583,0.273843
98.4,0.0267079,0.0786382,0.124939,0.230285
98.45,0.0203905,0.0569235,0.117213,0.194526
98.5,0.0256597,0.0396142,0.114665,0.179939
98.55,0.0380075,0.0282482,0.114139,0.180394
98.6,0.0496787,0.0213113,0.107616,0.178606
98.65,0.0542831,0.0171959,0.0947236,0.166203
98.7,0.050553,0.0165748,0.0881456,0.155273
98.75,0.0429762,0.0223241,0.103406,0.168706
98.8,0.0389234,0.0370193,0.141711,0.217654
98.85,0.04401,0.059856,0.183871,0.287737
98.9,0.058498,0.0853859,0.203534,0.347418
98.95,0.0768864,0.105351,0.188308,0.370545
99,0.0908932,0.112847,0.148644,0.352384
99.05,0.0940022,0.106349,0.106519,0.306869
99.1,0.0848763,0.0909175,0.0765586,0.252352
99.15,0.0677237,0.0754923,0.0591726,0.202389
99.2,0.0495999,0.0676478,0.0509523,0.1682
99.25,0.0364285,0.0690605,0.0577772,0.163266
99.3,0.0301505,0.0747559,0.0928292,0.197736
99.35,0.0285366,0.076878,0.159188,0.264602
99.4,0.0274757,0.0706004,0.235858,0.333934
99.45,0.0240834,0.0580503,0.285334,0.367468
99.5,0.0186429,0.0472186,0.279627,0.345489
99.55,0.0143045,0.0462996,0.221878,0.282482
99.6,0.0149393,0.0573986,0.143388,0.215726
99.65,0.022622,0.0743856,0.0789868,0.175994
99.7,0.036277,0.0869323,0.0438313,0.167041
99.75,0.0521517,0.0881777,0.0317614,0.172091
99.8,0.0656353,0.0804233,0.0328438,0.178902
99.85,0.0732597,0.0742549,0.0489918,0.196506
99.9,0.0738449,0.0811219,0.0903753,0.245342
99.95,0.0684451,0.104399,0.157051,0.329894
100,0.0594699,0.135483,0.227038,0.421991
100.05,0.0496354,0.158185,0.266518,0.474338
100.1,0.0411922,0.158731,0.255348,0.455272
100.15,0.0354896,0.134554,0.204464,0.374507
100.2,0.0327492,0.0957581,0.147924,0.276431
100.25,0.032032,0.0583807,0.115954,0.206366
100.3,0.0315919,0.0343848,0.113221,0.179198
100.35,0.0297697,0.0254735,0.121291,0.176535
100.4,0.0262001,0.0247353,0.120761,0.171696
100.45,0.0226341,0.0242144,0.110204,0.157053
100.5,0.0225839,0.0222392,0.103787,0.14861
100.55,0.0295502,0.0248366,0.112122,0.166508
100.6,0.0445695,0.0402933,0.12824,0.213103
100.65,0.0645781,0.0711994,0.134477,0.270255
100.7,0.0829615,0.110173,0.123055,0.31619
100.75,0.0925143,0.142673,0.107572,0.342759
100.8,0.0894451,0.155079,0.111434,0.355958
100.85,0.0760757,0.14251,0.143761,0.362347
100.9,0.0602896,0.111193,0.187421,0.358904
100.95,0.0515561,0.0741808,0.212221,0.337958
101,0.0555192,0.04372,0.200595,0.299834
101.05,0.070311,0.0254582,0.16064,0.256409
101.1,0.0870462,0.0178528,0.115169,0.220068
101.15,0.0946059,0.0162238,0.0804877,0.191317
101.2,0.0861777,0.0177848,0.0577929,0.161755
101.25,0.0637231,0.023775,0.0439484,0.131447
101.3,0.0375322,0.0373652,0.0455391,0.120436
101.35,0.0208315,0.0593174,0.0764846,0.156634
101.4,0.0223981,0.0850534,0.139398,0.246849
101.45,0.0414704,0.105729,0.211799,0.358998
101.5,0.0680257,0.112958,0.255916,0.4369
101.55,0.0883837,0.104065,0.246431,0.43888
101.6,0.0929379,0.0841569,0.190309,0.367403
101.65,0.0815258,0.0633163,0.119442,0.264284
101.7,0.0633231,0.0505635,0.0639578,0.177844
101.75,0.0513724,0.048593,0.0329718,0.132937
101.8,0.0549859,0.0529275,0.0200758,0.127989
101.85,0.0744331,0.0561233,0.0233434,0.1539
101.9,0.100875,0.0539996,0.0540889,0.208964
101.95,0.121386,0.0492029,0.122148,0.292737
102,0.12599,0.0491913,0.213493,0.388675
102.05,0.112686,0.0598807,0.287664,0.46023
102.1,0.0878133,0.0797695,0.303834,0.471416
102.15,0.0619813,0.0994734,0.253853,0.415308
102.2,0.0442245,0.107798,0.170508,0.322531
102.25,0.0377908,0.100329,0.101458,0.239578
102.3,0.0396578,0.0839753,0.0723646,0.195998
102.35,0.0435204,0.0733012,0.073145,0.189967
102.4,0.0440756,0.0804371,0.0780441,0.202557
102.45,0.0400102,0.105579,0.0766843,0.222273
102.5,0.0342233,0.135355,0.0834006,0.252979
102.55,0.0315983,0.151001,0.116072,0.298671
102.6,0.0359488,0.141008,0.168551,0.345508
102.65,0.0479122,0.10922,0.208364,0.365496
102.7,0.0647049,0.0722945,0.205103,0.342103
102.75,0.0814887,0.0481586,0.161774,0.291422
102.8,0.0933745,0.0438706,0.116023,0.253268
102.85,0.0970949,0.0518904,0.10748,0.256465
102.9,0.0918519,0.0575098,0.141955,0.291317
102.95,0.0793362,0.051699,0.187302,0.318337
103,0.0631074,0.0393646,0.204466,0.306938
103.05,0.0474943,0.0363616,0.182435,0.266291
103.1,0.0361865,0.0571357,0.143138,0.23646
103.15,0.0308973,0.102156,0.114406,0.247459
103.2,0.0307191,0.154749,0.101882,0.28735
103.25,0.032729,0.190167,0.0898605,0.312757
103.3,0.0338224,0.190768,0.0679328,0.292524
103.35,0.0329085,0.156735,0.0511988,0.240842
103.4,0.0320738,0.105078,0.0686508,0.205803
103.45,0.0356543,0.05813,0.130042,0.223826
103.5,0.0473699,0.0300245,0.207186,0.284581
103.55,0.0670903,0.0205138,0.252424,0.340028
103.6,0.089432,0.0195418,0.238132,0.347105
103.65,0.105598,0.01799,0.178404,0.301992
103.7,0.107937,0.0158644,0.112237,0.236039
103.75,0.0947424,0.0217487,0.0675738,0.184065
103.8,0.072227,0.0443618,0.0441388,0.160728
103.85,0.0519316,0.083123,0.0302825,0.165337
103.9,0.044559,0.125316,0.0302248,0.2001
103.95,0.0536359,0.152445,0.0664818,0.272563
104,0.0729319,0.151533,0.151234,0.375698
104.05,0.0896153,0.123454,0.25819,0.47126
104.1,0.0917156,0.082469,0.330364,0.504549
104.15,0.0756382,0.0472899,0.322785,0.445713
104.2,0.0491003,0.0299038,0.240641,0.319645
104.25,0.0273522,0.0297296,0.134934,0.192016
104.3,0.0245436,0.0367765,0.0592942,0.120614
104.35,0.0451897,0.0410193,0.0301628,0.116372
104.4,0.0808953,0.0408248,0.0274892,0.149209
104.45,0.114551,0.0440577,0.0299465,0.188555
104.5,0.129801,0.0609332,0.0433369,0.234071
104.55,0.120347,0.0939659,0.0905994,0.304912
104.6,0.0936214,0.132913,0.175517,0.402052
104.65,0.0665946,0.159366,0.262502,0.488462
104.7,0.0560905,0.158633,0.298854,0.513577
104.75,0.0692144,0.130742,0.260495,0.460452
104.8,0.0993997,0.0922096,0.175608,0.367217
104.85,0.130257,0.0662781,0.101494,0.298029
104.9,0.144863,0.0677015,0.0766189,0.289183
104.95,0.135055,0.0926397,0.0938556,0.321551
105,0.105511,0.121256,0.117973,0.34474
105.05,0.0705529,0.131733,0.125294,0.327579
105.1,0.0458854,0.115938,0.123332,0.285156
105.15,0.0401862,0.085277,0.132803,0.258266
105.2,0.0512346,0.0621317,0.155947,0.269313
105.25,0.0683656,0.0629539,0.168926,0.300246
105.3,0.0793453,0.0856251,0.147981,0.312952
105.35,0.0774501,0.1109,0.100335,0.288685
105.4,0.0648038,0.117276,0.0639061,0.245986
105.45,0.0504728,0.0982475,0.0728968,0.221617
105.5,0.0448554,0.0685876,0.123827,0.23727
105.55,0.0537586,0.0542896,0.177725,0.285773
105.6,0.0753532,0.0731436,0.196789,0.345285
105.65,0.101313,0.120387,0.177605,0.399305
105.7,0.121131,0.170428,0.147259,0.438818
105.75,0.127131,0.193748,0.129231,0.450111
105.8,0.117704,0.176714,0.118836,0.413254
105.85,0.0974762,0.129881,0.0964215,0.323779
105.9,0.0747149,0.0791437,0.0624798,0.216338
105.95,0.05742,0.0469974,0.0511205,0.155538
106,0.0499353,0.0382801,0.100004,0.188219
106.05,0.0514756,0.0407072,0.204541,0.296724
106.1,0.0571025,0.038634,0.307138,0.402875
106.15,0.0606719,0.0281983,0.339823,0.428693
106.2,0.0584319,0.0213251,0.282344,0.362101
106.25,0.0515445,0.0353503,0.178298,0.265192
106.3,0.046086,0.0767606,0.0927578,0.215604
106.35,0.0501267,0.132421,0.0549317,0.237479
106.4,0.0689973,0.175882,0.0441953,0.289074
106.45,0.101117,0.184541,0.0304041,0.316062
106.5,0.136955,0.154899,0.0201129,0.311967
106.55,0.162396,0.10452,0.0541035,0.321019
106.6,0.165437,0.0594047,0.156306,0.381148
106.65,0.14293,0.0364651,0.290588,0.469983
106.7,0.10346,0.0341555,0.37729,0.514905
106.75,0.064117,0.0377383,0.358877,0.460733
106.8,0.0422062,0.0342964,0.250471,0.326973
106.85,0.0460669,0.025242,0.124708,0.196017
106.9,0.0702321,0.0262191,0.0473418,0.143793
106.95,0.0981172,0.054176,0.0287905,0.181084
107,0.111268,0.111446,0.0361867,0.2589
107.05,0.100205,0.179347,0.0444529,0.324005
107.1,0.0705707,0.227105,0.0658055,0.363481
107.15,0.0406231,0.230704,0.125886,0.397213
107.2,0.0310491,0.18879,0.217414,0.437253
107.25,0.0527011,0.124349,0.288667,0.465717
107.3,0.0994069,0.0705938,0.285364,0.455365
107.35,0.150339,0.0504016,0.204054,0.404795
107.4,0.18096,0.0631952,0.0998626,0.344018
107.45,0.176483,0.0880417,0.0384826,0.303007
107.5,0.14012,0.100462,0.0407184,0.2813
107.55,0.0913196,0.0908443,0.0747673,0.256931
107.6,0.0549166,0.0712102,0.099946,0.226073
107.65,0.0474471,0.0653602,0.111588,0.224395
107.7,0.0684637,0.0894987,0.138212,0.296174
107.75,0.101721,0.137669,0.19651,0.4359
107.8,0.125283,0.183331,0.257697,0.566311
107.85,0.124442,0.196891,0.267689,0.589022
107.9,0.0998843,0.167052,0.204252,0.471189
107.95,0.0665334,0.110325,0.11033,0.287188
108,0.0441317,0.0610293,0.063025,0.168186
108.05,0.0454027,0.048212,0.103719,0.197333
108.1,0.0688309,0.0758979,0.197922,0.342651
108.15,0.100095,0.121131,0.266687,0.487913
108.2,0.12095,0.151371,0.259777,0.532098
108.25,0.120042,0.148318,0.197993,0.466353
108.3,0.0992664,0.120223,0.143679,0.363168
108.35,0.0721707,0.0934543,0.132937,0.298562
108.4,0.0556802,0.0901487,0.142403,0.288231
108.45,0.0602143,0.109827,0.125124,0.295165
108.5,0.0839168,0.129971,0.0742163,0.288104
108.55,0.11407,0.125511,0.0412374,0.280819
108.6,0.134544,0.0916778,0.0847196,0.310941
108.65,0.134814,0.0511779,0.201963,0.387955
108.7,0.115509,0.0385558,0.319072,0.473137
108.75,0.087637,0.0729389,0.354169,0.514745
108.8,0.0662784,0.140541,0.290353,0.497172
108.85,0.0623983,0.201709,0.184023,0.44813
108.9,0.0772118,0.218483,0.103571,0.399266
108.95,0.101912,0.182191,0.0672998,0.351403
109,0.122662,0.119751,0.0461464,0.288559
109.05,0.128114,0.0733801,0.0206301,0.222124
109.1,0.115574,0.0690037,0.0191547,0.203732
109.15,0.0927297,0.0977338,0.0877176,0.278181
109.2,0.0740673,0.12485,0.223697,0.422614
109.25,0.0736254,0.119302,0.353453,0.54638
109.3,0.0975349,0.0805186,0.388526,0.566579
109.35,0.140001,0.0411143,0.306658,0.487773
109.4,0.184944,0.04264,0.172041,0.399625
109.45,0.212925,0.102562,0.0724515,0.387938
109.5,0.21036,0.197772,0.0403182,0.44845
109.55,0.176594,0.277668,0.0405157,0.494777
109.6,0.125061,0.297613,0.0319189,0.454593
109.65,0.0774283,0.248438,0.0274213,0.353288
109.7,0.0531888,0.160924,0.0806764,0.294789
109.75,0.0598571,0.0829934,0.213149,0.356
109.8,0.0890512,0.0472365,0.366011,0.502298
109.85,0.120979,0.0524225,0.437687,0.611089
109.9,0.135357,0.0710506,0.374715,0.581122
109.95,0.122992,0.075115,0.223366,0.421473
110,0.0914629,0.0593196,0.088351,0.239133
110.05,0.0612626,0.0442006,0.0407396,0.146203
110.1,0.0541147,0.0577567,0.0671137,0.178985
110.15,0.0798716,0.110593,0.104797,0.295262
110.2,0.129655,0.184047,0.11717,0.430873
110.25,0.179652,0.240527,0.126089,0.546268
110.3,0.20389,0.248498,0.171308,0.623696
110.35,0.188885,0.203856,0.248573,0.641315
110.4,0.141609,0.132329,0.29986,0.573798
110.45,0.0858472,0.0716036,0.269725,0.427176
110.5,0.0487929,0.0464437,0.167449,0.262685
110.55,0.0455973,0.0547007,0.0663098,0.166608
110.6,0.0710587,0.0736478,0.0376458,0.182352
110.65,0.103514,0.0809371,0.0868294,0.27128
110.7,0.11871,0.0737253,0.15647,0.348905
110.75,0.105302,0.0710278,0.190743,0.367072
110.8,0.072439,0.0971134,0.190203,0.359755
110.85,0.0445529,0.158496,0.198459,0.401508
110.9,0.0462103,0.232823,0.238519,0.517552
110.95,0.086107,0.279929,0.274368,0.640404
111,0.150069,0.268883,0.247079,0.666032
111.05,0.207724,0.201824,0.149905,0.559452
111.1,0.22932,0.116131,0.0561994,0.401651
111.15,0.202977,0.0613291,0.0585313,0.322837
111.2,0.142116,0.0659008,0.174516,0.382533
111.25,0.0785068,0.117864,0.319121,0.515492
111.3,0.0447289,0.174051,0.379755,0.598535
111.35,0.05612,0.192207,0.321584,0.56991
111.4,0.10257,0.162488,0.214339,0.479397
111.45,0.15481,0.114431,0.152895,0.422137
111.5,0.181454,0.0934208,0.158193,0.433068
111.55,0.166912,0.12412,0.16679,0.457822
111.6,0.120006,0.189166,0.118857,0.428029
111.65,0.0685886,0.240555,0.0427069,0.351851
111.7,0.0435346,0.23605,0.0350901,0.314675
111.75,0.061353,0.172885,0.153184,0.387421
111.8,0.115137,0.0921154,0.337333,0.544586
111.85,0.178592,0.0491913,0.455068,0.682851
111.9,0.220469,0.0727515,0.424796,0.718016
111.95,0.221169,0.143434,0.288636,0.653239
112,0.182514,0.209287,0.159119,0.55092
112.05,0.125822,0.225771,0.102946,0.454539
112.1,0.0799624,0.188886,0.090957,0.359805
112.15,0.0662396,0.135456,0.0630649,0.264761
112.2,0.0881335,0.110932,0.0231989,0.222265
112.25,0.130861,0.131275,0.0461095,0.308246
112.3,0.170279,0.170284,0.183469,0.524032
112.35,0.185917,0.182973,0.378917,0.747807
112.4,0.171217,0.145857,0.498178,0.815252
112.45,0.135974,0.0805613,0.452315,0.66885
112.5,0.100226,0.0400577,0.284336,0.42462
112.55,0.0831852,0.0671223,0.125204,0.275512
112.6,0.0930907,0.157835,0.0663176,0.317243
112.65,0.123143,0.26007,0.0847231,0.467936
112.7,0.155482,0.309739,0.0959733,0.561194
112.75,0.171053,0.277532,0.0675942,0.516179
112.8,0.16023,0.190082,0.0617251,0.412036
112.85,0.128555,0.109101,0.158305,0.39596
112.9,0.0943592,0.0846913,0.346026,0.525077
112.95,0.0791342,0.119005,0.50644,0.704579
113,0.0954835,0.16803,0.516188,0.779702
113.05,0.139141,0.179339,0.364252,0.682732
113.1,0.189836,0.135697,0.163719,0.489252
113.15,0.221282,0.0703029,0.0474221,0.339006
113.2,0.215471,0.0418202,0.0548206,0.312112
113.25,0.173542,0.0885767,0.120243,0.382361
113.3,0.116686,0.1971,0.162255,0.476041
113.35,0.0756886,0.308867,0.170867,0.555423
113.4,0.0741108,0.360043,0.200642,0.634796
113.45,0.114336,0.324589,0.28592,0.724845
113.5,0.174835,0.22959,0.380059,0.784484
113.55,0.221177,0.133151,0.392303,0.74663
113.6,0.22541,0.0828895,0.285817,0.594116
113.65,0.183056,0.0860588,0.1291,0.398215
113.7,0.1175,0.111918,0.0392297,0.268648
113.75,0.0682524,0.121936,0.0715634,0.261752
113.8,0.0688626,0.103016,0.171161,0.34304
113.85,0.12679,0.0779211,0.237784,0.442495
113.9,0.217163,0.0854697,0.234,0.536633
113.95,0.294889,0.146415,0.217633,0.658937
114,0.318988,0.241864,0.262311,0.823163
114.05,0.27557,0.321729,0.356438,0.953736
114.1,0.186106,0.338125,0.400502,0.924733
114.15,0.0957981,0.279644,0.315739,0.691181
114.2,0.0483886,0.180983,0.147329,0.3767
114.25,0.0618432,0.0999396,0.040102,0.201885
114.3,0.119067,0.077745,0.0993866,0.296198
114.35,0.179115,0.111487,0.280454,0.571055
114.4,0.202257,0.159249,0.428127,0.789632
114.45,0.173963,0.174641,0.429342,0.777945
114.5,0.113447,0.144955,0.31779,0.576192
114.55,0.0616163,0.103309,0.221071,0.385995
114.6,0.0556804,0.103754,0.214067,0.373501
114.65,0.105767,0.176673,0.244631,0.52707
114.7,0.187791,0.298485,0.212571,0.698847
114.75,0.257069,0.4011,0.105767,0.763937
114.8,0.274624,0.417416,0.0305038,0.722544
114.85,0.230422,0.330767,0.095239,0.656428
114.9,0.149533,0.190776,0.279027,0.619336
114.95,0.077438,0.081458,0.438434,0.59733
115,0.0532312,0.0632115,0.450972,0.567415
115.05,0.0867477,0.13132,0.336586,0.554654
115.1,0.153256,0.222494,0.22271,0.598459
115.15,0.208829,0.264906,0.196768,0.670503
115.2,0.217141,0.233414,0.217548,0.668103
115.25,0.171653,0.167003,0.185765,0.524422
115.3,0.0999958,0.134658,0.0864615,0.321115
115.35,0.0479495,0.176746,0.02959,0.254285
115.4,0.0525012,0.269166,0.131997,0.453664
115.45,0.119776,0.340114,0.370721,0.830611
115.5,0.220636,0.327234,0.578372,1.12624
115.55,0.306353,0.229669,0.596578,1.1326
115.6,0.335195,0.112302,0.426968,0.874466
115.65,0.294776,0.0571682,0.220039,0.571983
115.7,0.207821,0.0998326,0.118921,0.426574
115.75,0.11876,0.201706,0.129308,0.449775
115.8,0.0693001,0.281232,0.149241,0.499773
115.85,0.0768741,0.279571,0.110872,0.467317
115.9,0.127527,0.207947,0.0664522,0.401926
115.95,0.186169,0.137854,0.122336,0.446359
116,0.217448,0.141278,0.300845,0.659571
116.05,0.205128,0.229099,0.490756,0.924982
116.1,0.159531,0.33833,0.54628,1.04414
116.15,0.10987,0.380167,0.428816,0.918852
116.2,0.0867044,0.311578,0.240055,0.638337
116.25,0.104764,0.173246,0.115555,0.393565
116.3,0.155406,0.062411,0.0976602,0.315477
116.35,0.212182,0.0605255,0.121657,0.394365
116.4,0.245762,0.171589,0.118308,0.535659
116.45,0.239734,0.318979,0.107518,0.666231
116.5,0.198887,0.402915,0.172949,0.774751
116.55,0.145966,0.373727,0.346233,0.865926
116.6,0.109076,0.264813,0.53645,0.910339
116.65,0.106644,0.161737,0.595892,0.864274
116.7,0.137844,0.133973,0.46339,0.735207
116.75,0.183404,0.183545,0.234852,0.601801
116.8,0.216305,0.249457,0.0802401,0.546003
116.85,0.216796,0.261608,0.086846,0.56525
116.9,0.183823,0.199432,0.18891,0.572164
116.95,0.136631,0.108573,0.254241,0.499445
117,0.105172,0.0636769,0.23184,0.400689
117.05,0.113842,0.108198,0.199647,0.421687
117.1,0.166959,0.219259,0.261487,0.647704
117.15,0.24413,0.324555,0.410139,0.978824
117.2,0.308985,0.356989,0.514646,1.18062
117.25,0.327684,0.303912,0.454479,1.08607
117.3,0.287837,0.213434,0.256689,0.757959
117.35,0.207317,0.15453,0.0814255,0.443272
117.4,0.12705,0.163259,0.0644928,0.354802
117.45,0.090376,0.21698,0.185189,0.492545
117.5,0.119417,0.255632,0.302791,0.67784
117.55,0.201565,0.232495,0.318171,0.752231
117.6,0.294516,0.154507,0.276529,0.725551
117.65,0.34832,0.0806396,0.295163,0.724122
117.7,0.33298,0.0789229,0.403519,0.815422
117.75,0.256094,0.173972,0.488689,0.918755
117.8,0.159803,0.32421,0.420499,0.904512
117.85,0.0977654,0.446376,0.217402,0.761543
117.9,0.1046,0.47053,0.0549563,0.630087
117.95,0.175408,0.386665,0.0908137,0.652886
118,0.26785,0.250043,0.293613,0.811505
118.05,0.326449,0.14193,0.47013,0.938509
118.1,0.315457,0.114174,0.467881,0.897512
118.15,0.240888,0.157221,0.331345,0.729454
118.2,0.148034,0.213732,0.238673,0.60044
118.25,0.0950624,0.226447,0.292395,0.613904
118.3,0.11785,0.18382,0.403186,0.704856
118.35,0.207173,0.128705,0.399481,0.735359
118.4,0.312645,0.123271,0.236591,0.672507
118.45,0.372027,0.196874,0.0632925,0.632194
118.5,0.348921,0.317615,0.0653425,0.731878
118.55,0.256045,0.411202,0.260302,0.927549
118.6,0.14929,0.41463,0.47467,1.03859
118.65,0.0950706,0.324233,0.528133,0.947437
118.7,0.129996,0.200246,0.417038,0.74728
118.75,0.237273,0.12265,0.295107,0.655031
118.8,0.354903,0.131319,0.283936,0.770157
118.85,0.411828,0.197301,0.337564,0.946694
118.9,0.371001,0.248973,0.315922,0.935896
118.95,0.253421,0.233449,0.175081,0.661951
119,0.127938,0.164027,0.0448986,0.336863
119.05,0.0718671,0.113422,0.0947704,0.28006
119.1,0.125218,0.154985,0.335242,0.615445
119.15,0.265735,0.297274,0.582939,1.14595
119.2,0.420058,0.465982,0.636624,1.52266
119.25,0.505045,0.55208,0.476427,1.53355
119.3,0.475283,0.492374,0.271966,1.23962
119.35,0.348936,0.320379,0.195938,0.865253
119.4,0.196763,0.145728,0.250632,0.593124
119.45,0.100882,0.0752924,0.292894,0.469068
119.5,0.107671,0.135748,0.218499,0.461918
119.55,0.202475,0.257722,0.0927745,0.552972
119.6,0.320576,0.334021,0.0806994,0.735297
119.65,0.387258,0.305818,0.256584,0.94966
119.7,0.36266,0.208119,0.506611,1.07739
119.75,0.264705,0.13819,0.633176,1.03607
119.8,0.156909,0.172708,0.548446,0.878064
119.85,0.109056,0.301235,0.350643,0.760933
119.9,0.154749,0.430889,0.208745,0.794382
119.95,0.271266,0.459497,0.189062,0.919825
120,0.393396,0.358409,0.212424,0.964229
120.05,0.452443,0.197489,0.178165,0.828097
120.1,0.41681,0.0911676,0.103822,0.6118
120.15,0.310049,0.108532,0.11504,0.533622
120.2,0.196131,0.220107,0.292661,0.708899
120.25,0.141235,0.324545,0.550635,1.01641
120.3,0.175015,0.333523,0.692248,1.20079
120.35,0.27406,0.245482,0.598151,1.11769
120.4,0.376749,0.147465,0.349487,0.873701
120.45,0.42015,0.142727,0.150978,0.713855
120.5,0.377048,0.262567,0.130661,0.770275
120.55,0.271705,0.43459,0.226577,0.932872
120.6,0.165762,0.534795,0.277959,0.978517
120.65,0.123019,0.483438,0.216659,0.823117
120.7,0.173492,0.308922,0.145176,0.627591
120.75,0.296879,0.128785,0.213291,0.638955
120.8,0.433971,0.0622185,0.430864,0.927054
120.85,0.518786,0.142293,0.630209,1.29129
120.9,0.513176,0.295488,0.629192,1.43786
120.95,0.425259,0.402522,0.421763,1.24954
121,0.302735,0.390919,0.186735,0.88039
121.05,0.206083,0.286631,0.103222,0.595936
121.1,0.176963,0.186458,0.174967,0.538389
121.15,0.218641,0.176355,0.255112,0.650108
121.2,0.297797,0.26227,0.236096,0.796164
121.25,0.365256,0.367864,0.181428,0.914548
121.3,0.383497,0.398728,0.24308,1.0253
121.35,0.346133,0.320018,0.458425,1.12458
121.4,0.279624,0.185265,0.668356,1.13324
121.45,0.227241,0.0943256,0.667535,0.989102
121.5,0.224501,0.114959,0.430182,0.769642
121.55,0.27929,0.230409,0.156105,0.665804
121.6,0.367115,0.353627,0.0736371,0.794379
121.65,0.443876,0.395798,0.208841,1.04852
121.7,0.469437,0.334776,0.373858,1.17807
121.75,0.42961,0.230254,0.385608,1.04547
121.8,0.34475,0.1749,0.26835,0.787999
121.85,0.259921,0.220387,0.212724,0.693033
121.9,0.221171,0.335979,0.341171,0.898321
121.95,0.250184,0.43142,0.550953,1.23256
122,0.331167,0.426297,0.618265,1.37573
122.05,0.418002,0.312841,0.448385,1.17923
122.1,0.459037,0.164575,0.188029,0.811641
122.15,0.426757,0.0843007,0.0709253,0.581983
122.2,0.335806,0.130131,0.170069,0.636006
122.25,0.238033,0.274014,0.334675,0.846722
122.3,0.19548,0.422515,0.377239,0.995234
122.35,0.245032,0.483595,0.290621,1.01925
122.4,0.374498,0.429991,0.244261,1.04875
122.45,0.52495,0.313588,0.366915,1.20545
122.5,0.620126,0.222219,0.572794,1.41514
122.55,0.607977,0.212815,0.640372,1.46116
122.6,0.491248,0.271391,0.461879,1.22452
122.65,0.328717,0.329137,0.180341,0.838194
122.7,0.204662,0.320996,0.0522189,0.577877
122.75,0.182562,0.240785,0.181525,0.604872
122.8,0.269157,0.149404,0.416973,0.835533
122.85,0.410206,0.128563,0.522579,1.06135
122.9,0.521536,0.214856,0.429168,1.16556
122.95,0.538202,0.365605,0.289965,1.19377
123,0.453124,0.485131,0.288535,1.22679
123.05,0.321843,0.494113,0.424073,1.24003
123.1,0.229556,0.390189,0.516903,1.13665
123.15,0.23932,0.252275,0.422164,0.913759
123.2,0.352335,0.18268,0.204406,0.73942
123.25,0.50499,0.229326,0.0740282,0.808344
123.3,0.605711,0.34789,0.158217,1.11182
123.35,0.590444,0.435107,0.364451,1.39
123.4,0.463374,0.410043,0.48725,1.36067
123.45,0.297348,0.281264,0.434348,1.01296
123.5,0.192201,0.146012,0.317578,0.655792
123.55,0.21495,0.118642,0.310537,0.644129
123.6,0.35772,0.241226,0.439247,1.03819
123.65,0.539722,0.445761,0.546013,1.5315
123.7,0.653584,0.599765,0.469758,1.72311
123.75,0.629354,0.602873,0.240818,1.47305
123.8,0.477973,0.461021,0.0688108,1.0078
123.85,0.287323,0.280412,0.129721,0.697456
123.9,0.171948,0.185156,0.380299,0.737403
123.95,0.20549,0.222652,0.599901,1.02804
124,0.375912,0.33129,0.614055,1.32126
124.05,0.590683,0.396191,0.460319,1.44719
124.1,0.729618,0.348117,0.324962,1.4027
124.15,0.714583,0.224858,0.330174,1.26961
124.2,0.554936,0.143292,0.409542,1.10777
124.25,0.341766,0.202337,0.404233,0.948335
124.3,0.194334,0.394751,0.264014,0.853099
124.35,0.190565,0.601619,0.121344,0.913528
124.4,0.322752,0.67858,0.150482,1.15181
124.45,0.504444,0.568198,0.366664,1.43931
124.5,0.623772,0.348855,0.592286,1.56491
124.55,0.610805,0.178391,0.635346,1.42454
124.6,0.478528,0.173976,0.488899,1.1414
124.65,0.313224,0.322076,0.332007,0.967308
124.7,0.220717,0.490608,0.328786,1.04011
124.75,0.261358,0.535148,0.447062,1.24357
124.8,0.413116,0.415701,0.500596,1.32941
124.85,0.58486,0.230674,0.371813,1.18735
124.9,0.67157,0.139652,0.165837,0.977059
124.95,0.618056,0.235267,0.114536,0.96786
125,0.452855,0.46606,0.324671,1.24359
125.05,0.272059,0.672644,0.644957,1.58966
125.1,0.182807,0.709606,0.806233,1.69865
125.15,0.240104,0.557058,0.691459,1.48862
125.2,0.414313,0.33364,0.445463,1.19342
125.25,0.60823,0.201282,0.306926,1.11644
125.3,0.713342,0.238363,0.351192,1.3029
125.35,0.672075,0.382728,0.430792,1.4856
125.4,0.509905,0.489373,0.375773,1.37505
125.45,0.319357,0.454816,0.217666,0.991839
125.5,0.206126,0.306206,0.169558,0.681889
125.55,0.22912,0.181616,0.37413,0.784867
125.6,0.368858,0.216234,0.707927,1.29302
125.65,0.541303,0.426139,0.881123,1.84857
125.7,0.647717,0.684887,0.740072,2.07268
125.75,0.630825,0.814673,0.438251,1.88375
125.8,0.505163,0.722064,0.274933,1.50216
125.85,0.345459,0.471577,0.372302,1.18934
125.9,0.241473,0.238467,0.551617,1.03156
125.95,0.246457,0.176918,0.551443,0.974818
126,0.348838,0.306194,0.342312,0.997344
126.05,0.482172,0.502691,0.175007,1.15987
126.1,0.565994,0.602129,0.297665,1.46579
126.15,0.55289,0.529958,0.658434,1.74128
126.2,0.454644,0.35728,0.937268,1.74919
126.25,0.333317,0.239884,0.882051,1.45525
126.3,0.263615,0.290725,0.575606,1.12995
126.35,0.288965,0.487924,0.333514,1.1104
126.4,0.396526,0.690773,0.350984,1.43828
126.45,0.524879,0.749975,0.503028,1.77788
126.5,0.599354,0.624127,0.52375,1.74723
126.55,0.574613,0.410666,0.34895,1.33423
126.6,0.46055,0.268045,0.212591,0.941186
126.65,0.317321,0.291849,0.372387,0.981557
126.7,0.222642,0.442925,0.77877,1.44434
126.75,0.229539,0.583364,1.08276,1.89567
126.8,0.337626,0.590477,0.996553,1.92466
126.85,0.493215,0.45757,0.609068,1.55985
126.9,0.617835,0.301341,0.29622,1.2154
126.95,0.649541,0.269602,0.319042,1.23819
127,0.5749,0.421627,0.557755,1.55428
127.05,0.434891,0.675149,0.676525,1.78656
127.1,0.302112,0.862512,0.523779,1.6884
127.15,0.241889,0.853981,0.306668,1.40254
127.2,0.27825,0.654406,0.341227,1.27388
127.25,0.38274,0.399893,0.669883,1.45252
127.3,0.491634,0.257563,0.991178,1.74038
127.35,0.541819,0.304867,0.986853,1.83354
127.4,0.505627,0.479184,0.673706,1.65852
127.45,0.405612,0.633553,0.379096,1.41826
127.5,0.301231,0.653166,0.371435,1.32583
127.55,0.254837,0.541988,0.571296,1.36812
127.6,0.295849,0.413757,0.671288,1.38089
127.65,0.403247,0.39649,0.518264,1.318
127.7,0.516573,0.52662,0.308198,1.35139
127.75,0.569835,0.716392,0.361764,1.64799
127.8,0.529587,0.820681,0.735717,2.08598
127.85,0.415547,0.751554,1.1207,2.2878
127.9,0.291358,0.550874,1.15436,1.9966
127.95,0.229648,0.362817,0.80678,1.39924
128,0.270428,0.325515,0.41067,1.00661
128.05,0.396442,0.464638,0.306117,1.1672
128.1,0.540341,0.671943,0.496347,1.70863
128.15,0.620965,0.787428,0.687928,2.09632
128.2,0.589197,0.723438,0.649999,1.96263
128.25,0.457535,0.534941,0.474669,1.46715
128.3,0.295801,0.379851,0.447985,1.12364
128.35,0.194033,0.397476,0.692491,1.284
128.4,0.212488,0.597666,1.00052,1.81067
128.45,0.346736,0.84727,1.05364,2.24764
128.5,0.528219,0.967037,0.779873,2.27513
128.55,0.661004,0.866669,0.442528,1.9702
128.6,0.674782,0.614588,0.357915,1.64729
128.65,0.564325,0.387641,0.557434,1.5094
128.7,0.392646,0.338226,0.769962,1.50083
128.75,0.255425,0.480943,0.739297,1.47567
128.8,0.226569,0.686639,0.516929,1.43014
128.85,0.316035,0.788342,0.401395,1.50577
128.9,0.464524,0.715451,0.593464,1.77344
128.95,0.578642,0.549339,0.954313,2.08229
129,0.586507,0.455023,1.13899,2.18051
129.05,0.481404,0.542473,0.960826,1.9847
129.1,0.327381,0.769272,0.588223,1.68488
129.15,0.222547,0.965867,0.362037,1.55045
129.2,0.240745,0.967663,0.439181,1.64759
129.25,0.385632,0.750854,0.652386,1.78887
129.3,0.584879,0.461866,0.728607,1.77535
129.35,0.729302,0.31184,0.608839,1.64998
129.4,0.735368,0.414955,0.505696,1.65602
129.45,0.595078,0.697092,0.63719,1.92936
129.5,0.383531,0.949272,0.945157,2.27796
129.55,0.21845,0.987315,1.12851,2.33427
129.6,0.193857,0.794055,0.967767,1.95568
129.65,0.325766,0.531886,0.582633,1.44029
129.7,0.541658,0.414356,0.326851,1.28286
129.75,0.720725,0.537187,0.422561,1.68047
129.8,0.762499,0.802354,0.729999,2.29485
129.85,0.644592,0.996086,0.906654,2.54733
129.9,0.435997,0.959415,0.782894,2.17831
129.95,0.257757,0.715565,0.540423,1.51375
130,0.213303,0.452074,0.49702,1.1624
130.05,0.328656,0.371325,0.739147,1.43913
130.1,0.537371,0.528913,1.01545,2.08174
130.15,0.719263,0.789848,1.01363,2.52274
130.2,0.770646,0.938561,0.711856,2.42106
130.25,0.665137,0.854763,0.408753,1.92865
130.3,0.469268,0.613101,0.395115,1.47748
130.35,0.303364,0.424691,0.635959,1.36401
130.4,0.270288,0.465587,0.822678,1.55855
130.45,0.393845,0.729516,0.736528,1.85989
130.5,0.603425,1.02477,0.507205,2.1354
130.55,0.774679,1.12094,0.464234,2.35985
130.6,0.803023,0.930907,0.743324,2.47725
130.65,0.667011,0.583559,1.0992,2.34977
130.7,0.443881,0.328135,1.15357,1.92559
130.75,0.267052,0.344015,0.813902,1.42497
130.8,0.249347,0.604902,0.39314,1.24739
130.85,0.416194,0.9034,0.285495,1.60509
130.9,0.688041,1.01525,0.550163,2.25346
130.95,0.923097,0.872756,0.863233,2.65909
131,0.996637,0.611056,0.888291,2.49598
131.05,0.871603,0.45326,0.64715,1.97201
131.1,0.619829,0.528422,0.474675,1.62293
131.15,0.381417,0.768616,0.615532,1.76557
131.2,0.28544,0.966504,0.928888,2.18083
131.25,0.377466,0.945745,1.04361,2.36682
131.3,0.595496,0.706551,0.789375,2.09142
131.35,0.807888,0.42917,0.408168,1.64523
131.4,0.890948,0.332067,0.295856,1.51887
131.45,0.800955,0.497679,0.560162,1.8588
131.5,0.59875,0.804557,0.896989,2.3003
131.55,0.412777,1.02021,0.931032,2.36402
131.6,0.362386,0.981812,0.639099,1.9833
131.65,0.486459,0.722626,0.376261,1.58535
131.7,0.719345,0.445379,0.471798,1.63652
131.75,0.928499,0.364053,0.850031,2.14258
131.8,0.992094,0.538393,1.1059,2.63638
131.85,0.871362,0.82972,0.952928,2.65401
131.9,0.635142,1.01067,0.540916,2.18672
131.95,0.421733,0.94143,0.287946,1.65111
132,0.359596,0.675043,0.4191,1.45374
132.05,0.49258,0.411822,0.73189,1.63629
132.1,0.75312,0.341706,0.846717,1.94154
132.15,0.999399,0.49929,0.649251,2.14794
132.2,1.09559,0.743553,0.417067,2.25621
132.25,0.989361,0.87474,0.487158,2.35126
132.3,0.742121,0.793705,0.847801,2.38363
132.35,0.494567,0.57791,1.12756,2.20004
132.4,0.387098,0.415891,1.00362,1.80661
132.45,0.480582,0.453894,0.572035,1.50651
132.5,0.722665,0.676587,0.258811,1.65806
132.55,0.978644,0.91585,0.36391,2.2584
132.6,1.10886,0.98077,0.742525,2.83216
132.65,1.04802,0.807386,0.975181,2.83059
132.7,0.840986,0.51168,0.832743,2.18541
132.75,0.614925,0.304575,0.517282,1.43678
132.8,0.504355,0.334063,0.416958,1.25538
132.85,0.572814,0.57504,0.659379,1.80723
132.9,0.776545,0.849958,0.968612,2.59511
132.95,0.991127,0.963061,0.982608,2.9368
133,1.08542,0.845174,0.667504,2.5981
133.05,0.999737,0.59989,0.359265,1.95889
133.1,0.782482,0.418799,0.386912,1.58819
133.15,0.563671,0.43328,0.704003,1.70095
133.2,0.480041,0.616923,0.944274,2.04124
133.25,0.594861,0.811611,0.838071,2.24454
133.3,0.858872,0.854419,0.519604,2.23289
133.35,1.13546,0.705815,0.377872,2.21915
133.4,1.27639,0.48022,0.616805,2.37341
133.45,1.20519,0.356278,1.01689,2.57835
133.5,0.960767,0.436929,1.16634,2.56404
133.55,0.67622,0.667648,0.907207,2.25108
133.6,0.504677,0.876195,0.504275,1.88515
133.65,0.534251,0.903884,0.354598,1.79273
133.7,0.740186,0.728077,0.563296,2.03156
133.75,1.001,0.48193,0.852383,2.33531
133.8,1.16889,0.355335,0.892012,2.41623
133.85,1.15379,0.45142,0.673984,2.27919
133.9,0.973145,0.707131,0.508535,2.18881
133.95,0.739293,0.938478,0.654474,2.33225
134,0.592608,0.977059,1.00572,2.57539
134.05,0.619399,0.795455,1.19299,2.60785
134.1,0.802184,0.527249,0.992321,2.32175
134.15,1.03087,0.36668,0.585642,1.98319
134.2,1.16798,0.423699,0.378734,1.97042
134.25,1.12992,0.643808,0.570921,2.34465
134.3,0.936732,0.852956,0.945962,2.73565
134.35,0.701569,0.892859,1.11123,2.70566
134.4,0.565519,0.743124,0.92124,2.22988
134.45,0.615458,0.536271,0.623103,1.77483
134.5,0.832361,0.453369,0.571373,1.8571
134.55,1.10016,0.579975,0.83269,2.51282
134.6,1.27048,0.834072,1.11656,3.22111
134.65,1.24654,1.02415,1.10356,3.37425
134.7,1.03836,0.995901,0.802937,2.83719
134.75,0.757887,0.756047,0.542466,2.0564
134.8,0.556783,0.476067,0.603417,1.63627
134.85,0.542107,0.368411,0.90775,1.81827
134.9,0.717611,0.526072,1.10666,2.35034
134.95,0.983333,0.847557,0.973837,2.80473
135,1.19303,1.10751,0.666186,2.96673
135.05,1.2363,1.12318,0.557243,2.91672
135.1,1.09876,0.891982,0.82067,2.81141
135.15,0.866879,0.594575,1.22248,2.68394
135.2,0.675806,0.458479,1.35823,2.49252
135.25,0.631068,0.584705,1.08427,2.30005
135.3,0.74911,0.870365,0.674939,2.29441
135.35,0.950279,1.08867,0.532044,2.57099
135.4,1.10731,1.06654,0.761045,2.9349
135.45,1.12064,0.822665,1.07415,3.01746
135.5,0.976951,0.556344,1.12189,2.65519
135.55,0.757316,0.49242,0.883224,2.13296
135.6,0.590697,0.701052,0.680284,1.97203
135.65,0.579531,1.03492,0.801829,2.41628
135.7,0.740071,1.23797,1.1586,3.13664
135.75,0.991443,1.14563,1.36456,3.50164
135.8,1.19959,0.820793,1.16507,3.18545
135.85,1.25129,0.514959,0.737973,2.50422
135.9,1.11674,0.478278,0.521823,2.11684
135.95,0.865812,0.762704,0.745577,2.37409
136,0.629386,1.17321,1.17364,2.97624
136.05,0.527786,1.41056,1.35436,3.29271
136.1,0.606144,1.29967,1.10778,3.0136
136.15,0.812168,0.927008,0.718891,2.45807
136.2,1.0276,0.577235,0.621119,2.22596
136.25,1.13485,0.514657,0.917503,2.56701
136.3,1.08118,0.778221,1.26958,3.12898
136.35,0.905186,1.1517,1.27832,3.33521
136.4,0.711899,1.33521,0.932786,2.9799
136.45,0.611686,1.18489,0.623244,2.41982
136.5,0.657906,0.830744,0.700555,2.18921
136.55,0.818156,0.575987,1.07521,2.46935
136.6,0.994509,0.6538,1.31165,2.95996
136.65,1.08056,1.03379,1.12059,3.23494
136.7,1.02263,1.4353,0.698711,3.15664
136.75,0.850781,1.54328,0.525351,2.91941
136.8,0.662231,1.25969,0.830395,2.75232
136.85,0.566898,0.790616,1.32358,2.6811
136.9,0.625415,0.494557,1.4958,2.61577
136.95,0.814242,0.605904,1.16929,2.58944
137,1.03722,1.04925,0.691057,2.77752
137.05,1.17721,1.49292,0.553371,3.2235
137.1,1.15952,1.60371,0.859294,3.62252
137.15,0.99234,1.30518,1.22421,3.52173
137.2,0.762454,0.836637,1.21937,2.81846
137.25,0.588644,0.565006,0.858779,2.01243
137.3,0.558442,0.69668,0.58163,1.83675
137.35,0.682425,1.11637,0.748318,2.54711
137.4,0.890418,1.48082,1.21687,3.5881
137.45,1.07093,1.49371,1.48311,4.04774
137.5,1.13178,1.14376,1.23849,3.51403
137.55,1.04884,0.715874,0.725802,2.49052
137.6,0.876687,0.564783,0.488163,1.92963
137.65,0.716283,0.829782,0.778804,2.32487
137.7,0.65811,1.31781,1.28145,3.25737
137.75,0.732266,1.65023,1.45394,3.83643
137.8,0.89285,1.55992,1.11972,3.57249
137.85,1.04476,1.10491,0.655805,2.80548
137.9,1.09779,0.628528,0.571061,2.29738
137.95,1.0179,0.495236,0.943688,2.45682
138,0.847394,0.807899,1.34201,2.9973
138.05,0.682713,1.32787,1.31431,3.32489
138.1,0.62175,1.66042,0.898945,3.18111
138.15,0.70943,1.56023,0.58248,2.85214
138.2,0.911252,1.11818,0.749785,2.77922
138.25,1.12955,0.684721,1.24095,3.05522
138.3,1.25419,0.59235,1.51641,3.36296
138.35,1.22085,0.896274,1.25513,3.37226
138.4,1.04565,1.3364,0.722493,3.10455
138.45,0.817555,1.54825,0.492234,2.85804
138.5,0.652333,1.35457,0.821434,2.82834
138.55,0.632316,0.907208,1.36689,2.90641
138.6,0.763934,0.567606,1.55846,2.89
138.65,0.97547,0.620682,1.21947,2.81562
138.7,1.15614,1.04719,0.750231,2.95356
138.75,1.21554,1.53362,0.675061,3.42422
138.8,1.13164,1.71231,1.05925,3.90321
138.85,0.961467,1.44504,1.4454,3.85191
138.9,0.808776,0.929843,1.3777,3.11632
138.95,0.766116,0.549307,0.924739,2.24016
139,0.862748,0.578592,0.611208,2.05255
139.05,1.04719,0.978951,0.82942,2.85556
139.1,1.21461,1.4339,1.38717,4.03568
139.15,1.26493,1.59658,1.70283,4.56434
139.2,1.16032,1.35495,1.43997,3.95525
139.25,0.95005,0.910883,0.88102,2.74195
139.3,0.747708,0.615989,0.623917,1.98761
139.35,0.671528,0.695382,0.93363,2.30054
139.4,0.779137,1.07489,1.46165,3.31567
139.45,1.03248,1.44388,1.63808,4.11445
139.5,1.31347,1.50183,1.29743,4.11273
139.55,1.48381,1.19518,0.846337,3.52532
139.6,1.45822,0.760574,0.796535,3.01533
139.65,1.2515,0.542093,1.19123,2.98482
139.7,0.972921,0.724547,1.56494,3.26241
139.75,0.769427,1.18885,1.47575,3.43402
139.8,0.747102,1.60008,1.01014,3.35732
139.85,0.913452,1.6599,0.694386,3.26774
139.9,1.17275,1.32989,0.910385,3.41302
139.95,1.37833,0.856699,1.46507,3.7001
140,1.41421,0.582681,1.79105,3.78794
140.05,1.26107,0.688763,1.5572,3.50704
140.1,1.00927,1.06537,1.01945,3.09409
140.15,0.809816,1.40636,0.734181,2.95035
140.2,0.789252,1.44952,0.95819,3.19696
140.25,0.975562,1.17698,1.39259,3.54513
140.3,1.27766,0.822863,1.53675,3.63727
140.35,1.53224,0.685772,1.24614,3.46415
140.4,1.59393,0.89336,0.877494,3.36479
140.45,1.41918,1.30116,0.874582,3.59492
140.5,1.09591,1.60282,1.26576,3.96448
140.55,0.799888,1.56584,1.63045,3.99618
140.6,0.699673,1.21127,1.56471,3.47566
140.65,0.8618,0.799944,1.12744,2.78919
140.7,1.20983,0.636382,0.778637,2.62484
140.75,1.56206,0.840358,0.882855,3.28528
140.8,1.72935,1.25925,1.32137,4.30998
140.85,1.6197,1.58585,1.62775,4.8333
140.9,1.29121,1.58996,1.48903,4.3702
140.95,0.922395,1.28764,1.06815,3.27818
141,0.714606,0.921946,0.811696,2.44825
141.05,0.780157,0.773691,0.967299,2.52115
141.1,1.07887,0.948978,1.33503,3.36288
141.15,1.43975,1.30451,1.50645,4.25072
141.2,1.65702,1.56412,1.31433,4.53546
141.25,1.60721,1.53353,1.0024,4.14314
141.3,1.32123,1.24789,0.943153,3.51227
141.35,0.96923,0.940751,1.22254,3.13252
141.4,0.765241,0.861277,1.54354,3.17006
141.45,0.844227,1.08151,1.54677,3.47251
141.5,1.18124,1.44091,1.19817,3.82032
141.55,1.59994,1.66878,0.830386,4.09911
141.6,1.86798,1.58995,0.799663,4.2576
141.65,1.82723,1.25723,1.12461,4.20907
141.7,1.4859,0.911975,1.4809,3.87878
141.75,1.01944,0.804668,1.54367,3.36778
141.8,0.677559,1.01165,1.31031,2.99952
141.85,0.647585,1.38387,1.07351,3.10496
141.9,0.94999,1.66203,1.09207,3.70409
141.95,1.42509,1.66809,1.31858,4.41176
142,1.81967,1.42926,1.46698,4.71591
142.05,1.92638,1.14568,1.33525,4.40731
142.1,1.69841,1.03219,1.03266,3.76326
142.15,1.27511,1.15686,0.871116,3.30309
142.2,0.903488,1.3971,1.03843,3.33901
142.25,0.798872,1.54184,1.39798,3.7387
142.3,1.02276,1.45833,1.6229,4.10399
142.35,1.44693,1.19588,1.52362,4.16642
142.4,1.82496,0.949771,1.23161,4.00634
142.45,1.93191,0.914768,1.05603,3.90271
142.5,1.69388,1.13899,1.16734,4.00021
142.55,1.23411,1.48638,1.43331,4.1538
142.6,0.80802,1.73346,1.56854,4.11002
142.65,0.66217,1.72748,1.43439,3.82403
142.7,0.895183,1.49028,1.17798,3.56345
142.75,1.39883,1.19546,1.07178,3.66607
142.8,1.9135,1.03967,1.22625,4.17941
142.85,2.16877,1.10458,1.4762,4.74955
142.9,2.03177,1.30821,1.55794,4.89792
142.95,1.58111,1.47596,1.39157,4.44864
143,1.06446,1.47454,1.17268,3.71169
143.05,0.762817,1.30887,1.17318,3.24487
143.1,0.836012,1.11327,1.45284,3.40213
143.15,1.23527,1.04738,1.77994,4.06259
143.2,1.73144,1.17556,1.85009,4.75709
143.25,2.04339,1.41837,1.58727,5.04903
143.3,1.99535,1.60982,1.2225,4.82767
143.35,1.61529,1.61733,1.06829,4.30091
143.4,1.1196,1.43717,1.2161,3.77287
143.45,0.791953,1.19735,1.46361,3.45291
143.5,0.823982,1.06711,1.54258,3.43367
143.55,1.20652,1.1381,1.407,3.75163
143.6,1.73259,1.36117,1.27716,4.37093
143.65,2.11119,1.58206,1.39007,5.08331
143.7,2.12906,1.64946,1.71936,5.49789
143.75,1.77071,1.51904,1.96937,5.25911
143.8,1.22949,1.2814,1.86595,4.37684
143.85,0.802999,1.09647,1.45,3.34948
143.9,0.729945,1.08189,1.06215,2.87398
143.95,1.05839,1.23397,1.01961,3.31197
144,1.61817,1.43568,1.30877,4.36261
144.05,2.11292,1.54395,1.60994,5.26681
144.1,2.28121,1.4935,1.63141,5.40613
144.15,2.03825,1.34302,1.407,4.78827
144.2,1.52055,1.23084,1.24616,3.99756
144.25,1.00946,1.27156,1.38873,3.66975
144.3,0.776058,1.46735,1.73092,3.97433
144.35,0.933253,1.69857,1.91971,4.55153
144.4,1.37616,1.80286,1.72501,4.90403
144.45,1.84318,1.68947,1.29818,4.83083
144.5,2.06336,1.4085,1.03474,4.5066
144.55,1.90824,1.12461,1.1727,4.20555
144.6,1.46427,1.01019,1.54391,4.01837
144.65,0.985698,1.13051,1.74574,3.86195
144.7,0.753955,1.40048,1.56259,3.71702
144.75,0.92088,1.64444,1.1977,3.76302
144.8,1.42207,1.7184,1.06578,4.20626
144.85,2.00826,1.60891,1.35551,4.97267
144.9,2.37789,1.43794,1.81955,5.63538
144.95,2.33906,1.36929,2.01945,5.7278
145,1.91261,1.48304,1.77666,5.17231
145.05,1.32082,1.70998,1.35779,4.38858
145.1,0.867802,1.87694,1.19404,3.93878
145.15,0.777052,1.83385,1.42514,4.03604
145.2,1.07388,1.57167,1.75109,4.39664
145.25,1.57611,1.24273,1.7576,4.57643
145.3,1.99705,1.06264,1.37757,4.43725
145.35,2.10392,1.15972,0.993747,4.25739
145.4,1.84518,1.47936,1.05539,4.37994
145.45,1.37738,1.81584,1.59838,4.79161
145.5,0.977558,1.95363,2.17697,5.10816
145.55,0.88921,1.81947,2.29618,5.00486
145.6,1.18631,1.53488,1.90607,4.62727
145.65,1.72976,1.32823,1.44202,4.5
145.7,2.24034,1.36711,1.36377,4.97122
145.75,2.449,1.63272,1.67582,5.75754
145.8,2.24279,1.93003,1.93882,6.11164
145.85,1.7275,2.02989,1.76465,5.52205
145.9,1.17248,1.84104,1.2668,4.28032
145.95,0.867419,1.48444,0.972258,3.32412
146,0.968048,1.21141,1.26937,3.44883
146.05,1.41406,1.22127,1.97116,4.6065
146.1,1.96323,1.51144,2.47036,5.94503
146.15,2.32292,1.87254,2.34383,6.53929
146.2,2.30783,2.03717,1.78043,6.12543
146.25,1.93853,1.87694,1.37891,5.19438
146.3,1.42802,1.50296,1.52197,4.45295
146.35,1.06414,1.1926,1.98382,4.24055
146.4,1.05223,1.19093,2.18677,4.42993
146.45,1.40353,1.52957,1.83509,4.76818
146.5,1.9298,1.9961,1.24955,5.17545
146.55,2.34676,2.2803,1.03946,5.66652
146.6,2.42966,2.19409,1.4542,6.07796
146.65,2.13618,1.80649,2.10408,6.04675
146.7,1.62999,1.39404,2.35565,5.37968
146.75,1.19216,1.24074,1.99194,4.42484
146.8,1.06871,1.43192,1.44091,3.94154
146.85,1.33699,1.79298,1.32554,4.45552
146.9,1.86311,2.02001,1.8041,5.68722
146.95,2.37328,1.90874,2.39436,6.67637
147,2.60015,1.51465,2.47027,6.58506
147.05,2.42516,1.1239,1.91378,5.46284
147.1,1.94061,1.05106,1.24061,4.23228
147.15,1.39883,1.40703,1.06938,3.87524
147.2,1.07697,2.00585,1.49021,4.57303
147.25,1.13051,2.48251,1.99204,5.60505
147.3,1.51397,2.54236,2.02022,6.07656
147.35,2.01014,2.16626,1.57423,5.75063
147.4,2.35022,1.62381,1.21296,5.18698
147.45,2.3592,1.28279,1.45645,5.09843
147.5,2.04803,1.34922,2.20907,5.60632
147.55,1.60411,1.72419,2.81488,6.14317
147.6,1.28669,2.0817,2.70216,6.07055
147.65,1.28484,2.1131,1.9597,5.35764
147.7,1.61434,1.76184,1.25089,4.62707
147.75,2.10855,1.27603,1.15186,4.53644
147.8,2.50689,1.03572,1.59367,5.13628
147.85,2.59312,1.27506,1.97917,5.84735
147.9,2.30954,1.89987,1.84431,6.05372
147.95,1.78733,2.53674,1.36614,5.69022
148,1.27806,2.78578,1.17881,5.24266
148.05,1.02353,2.50045,1.68301,5.20698
148.1,1.13283,1.89393,2.57346,5.60021
148.15,1.5302,1.392,3.0952,6.0174
148.2,1.99936,1.33339,2.78497,6.11771
148.25,2.29906,1.73049,1.94062,5.97016
148.3,2.2885,2.26318,1.3288,5.88048
148.35,1.99716,2.51298,1.42341,5.93355
148.4,1.60411,2.27054,1.95501,5.82966
148.45,1.33943,1.69411,2.23229,5.26583
148.5,1.36065,1.20126,1.89542,4.45733
148.55,1.66897,1.16832,1.30967,4.14696
148.6,2.10854,1.65314,1.18184,4.94352
148.65,2.44819,2.34368,1.79695,6.58883
148.7,2.50254,2.77389,2.67892,7.95535
148.75,2.22937,2.65547,3.04434,7.92918
148.8,1.75307,2.08729,2.59175,6.43211
148.85,1.30244,1.48937,1.81014,4.60194
148.9,1.09509,1.30525,1.4811,3.88144
148.95,1.22784,1.68393,1.88344,4.79522
149,1.62906,2.36947,2.51949,6.51801
149.05,2.09677,2.87925,2.64445,7.62046
149.1,2.40242,2.84534,2.04961,7.29737
149.15,2.40695,2.27608,1.28827,5.97131
149.2,2.12979,1.55119,1.1111,4.79209
149.25,1.73597,1.15374,1.69522,4.58493
149.3,1.44865,1.32996,2.46335,5.24196
149.35,1.43246,1.91911,2.6789,6.03047
149.4,1.70787,2.47387,2.20231,6.38404
149.45,2.14062,2.58452,1.62849,6.35363
149.5,2.51142,2.17529,1.66269,6.3494
149.55,2.62992,1.56116,2.37527,6.56635
149.6,2.43414,1.22418,3.10206,6.76038
149.65,2.02386,1.46727,3.09935,6.59048
149.7,1.61069,2.19051,2.29319,6.09439
149.75,1.41018,2.94896,1.36515,5.7243
149.8,1.53134,3.25314,1.08762,5.87211
149.85,1.92026,2.90324,1.57872,6.40222
149.9,2.38687,2.12494,2.22413,6.73594
149.95,2.70132,1.41333,2.33522,6.44987
150,2.71049,1.19445,1.86726,5.7722
150.05,2.41547,1.53997,1.46212,5.41756
150.1,1.97036,2.13174,1.76803,5.87014
150.15,1.60353,2.49809,2.72821,6.82983
150.2,1.50177,2.35443,3.57238,7.42858
150.25,1.71648,1.80896,3.54145,7.06689
150.3,2.13947,1.28858,2.63155,6.05959
150.35,2.55979,1.23611,1.61127,5.40716
150.4,2.77215,1.78963,1.28706,5.84885
150.45,2.681,2.66921,1.74436,7.09457
150.5,2.34756,3.35325,2.31827,8.01908
150.55,1.95647,3.42616,2.31418,7.69682
150.6,1.71983,2.85899,1.74156,6.32038
150.65,1.76797,2.02908,1.30969,5.10674
150.7,2.08245,1.46421,1.68348,5.23014
150.75,2.50495,1.48664,2.75519,6.74679
150.8,2.81694,2.00215,3.68456,8.50366
150.85,2.84968,2.57904,3.68911,9.11783
150.9,2.56923,2.76068,2.80421,8.13412
150.95,2.09432,2.3929,1.851,6.33822
151,1.63879,1.73659,1.63831,5.01368
151.05,1.40769,1.28579,2.19075,4.88424
151.1,1.4988,1.41771,2.7679,5.68441
151.15,1.85754,2.11925,2.64516,6.62196
151.2,2.30658,2.98326,1.86498,7.15483
151.25,2.63428,3.47956,1.20238,7.31621
151.3,2.69789,3.31444,1.38159,7.39392
151.35,2.49086,2.62975,2.33304,7.45365
151.4,2.14205,1.90349,3.23823,7.28378
151.45,1.84851,1.6212,3.32163,6.79134
151.5,1.77554,1.94557,2.60406,6.32517
151.55,1.97349,2.612,1.87182,6.4573
151.6,2.35179,3.11979,1.89366,7.36524
151.65,2.7227,3.08381,2.65984,8.46635
151.7,2.89316,2.50206,3.39094,8.78617
151.75,2.76017,1.75538,3.30443,7.81998
151.8,2.36328,1.34249,2.38505,6.09082
151.85,1.86888,1.53617,1.40701,4.81206
151.9,1.49329,2.19806,1.19185,4.8832
151.95,1.40156,2.87768,1.82977,6.10901
152,1.63017,3.12412,2.62139,7.37568
152.05,2.07065,2.79456,2.78764,7.65286
152.1,2.52204,2.14846,2.24606,6.91656
152.15,2.78704,1.66569,1.68936,6.1421
152.2,2.76584,1.71552,1.88694,6.3683
152.25,2.50241,2.30277,2.89205,7.69723
152.3,2.16094,3.06244,3.93564,9.15902
152.35,1.94353,3.50393,4.12409,9.57155
152.4,1.98902,3.33789,3.27613,8.60304
152.45,2.30216,2.66583,2.09419,7.06219
152.5,2.74837,1.90759,1.50543,6.16138
152.55,3.11723,1.51907,1.80886,6.44516
152.6,3.22496,1.69222,2.44802,7.36519
152.65,3.00589,2.2379,2.61617,7.85996
152.7,2.54821,2.7274,2.08918,7.36479
152.75,2.05537,2.79355,1.46282,6.31173
152.8,1.75084,2.38643,1.55829,5.69555
152.85,1.7719,1.81022,2.57897,6.1611
152.9,2.10387,1.51649,3.84939,7.46976
152.95,2.58715,1.79312,4.40377,8.78404
153,2.99418,2.55918,3.86578,9.41913
153.05,3.13917,3.40525,2.77882,9.32324
153.1,2.96738,3.85431,2.07759,8.89928
153.15,2.58037,3.66991,2.21654,8.46681
153.2,2.18493,3.00635,2.78911,7.98039
153.25,1.99081,2.30092,2.98485,7.27658
153.3,2.10715,1.98132,2.42166,6.51013
153.35,2.48837,2.18539,1.54042,6.21417
153.4,2.95586,2.68095,1.1861,6.82291
153.45,3.28478,3.0381,1.78763,8.11051
153.5,3.31349,2.93504,2.92864,9.17717
153.55,3.02239,2.38822,3.71863,9.12923
153.6,2.54402,1.74943,3.60772,7.90118
153.65,2.09975,1.47089,2.87323,6.44387
153.7,1.89389,1.79712,2.32651,6.01752
153.75,2.01642,2.59244,2.52956,7.13842
153.8,2.40073,3.4212,3.266,9.08793
153.85,2.85612,3.8276,3.75962,10.4433
153.9,3.15902,3.62799,3.42367,10.2107
153.95,3.15904,3.02153,2.42843,8.609
154,2.84965,2.44779,1.5542,6.85163
154.05,2.37053,2.28943,1.47423,6.13419
154.1,1.94113,2.61964,2.14577,6.70654
154.15,1.75744,3.16123,2.87822,7.79689
154.2,1.90066,3.48128,3.00472,8.38666
154.25,2.30045,3.28845,2.51534,8.10423
154.3,2.76943,2.63415,2.05201,7.45559
154.35,3.09245,1.88484,2.2741,7.25139
154.4,3.1283,1.48564,3.20057,7.81452
154.45,2.87639,1.67202,4.15617,8.70458
154.5,2.47693,2.31861,4.37579,9.17133
154.55,2.14435,3.02263,3.69946,8.86644
154.6,2.06496,3.36546,2.7077,8.13812
154.65,2.30663,3.18123,2.17807,7.66593
154.7,2.78327,2.6582,2.38109,7.82256
154.75,3.29164,2.20893,2.87439,8.37496
154.8,3.60426,2.1949,2.97332,8.77248
154.85,3.57559,2.68498,2.43689,8.69746
154.9,3.21157,3.40481,1.71475,8.33112
154.95,2.66925,3.91007,1.52671,8.10604
155,2.18569,3.87259,2.17863,8.23691
155.05,1.9686,3.29439,3.26019,8.52318
155.1,2.10037,2.51115,4.00382,8.61534
155.15,2.50099,1.98139,3.96491,8.44729
155.2,2.96817,1.99626,3.39244,8.35687
155.25,3.27588,2.49675,2.95763,8.73026
155.3,3.28445,3.11663,3.10681,9.5079
155.35,3.00896,3.42397,3.64454,10.0775
155.4,2.61234,3.20515,3.92849,9.74598
155.45,2.32604,2.6068,3.48696,8.4198
155.5,2.33579,2.04248,2.48327,6.86154
155.55,2.68796,1.92361,1.59826,6.20983
155.6,3.26182,2.3888,1.44056,7.09118
155.65,3.82213,3.20774,2.025,9.05487
155.7,4.12721,3.92296,2.79194,10.8421
155.75,4.04135,4.13866,3.13971,11.3197
155.8,3.59806,3.77045,2.97262,10.3411
155.85,2.98434,3.09515,2.75771,8.8372
155.9,2.45393,2.56956,3.0424,8.06589
155.95,2.2108,2.53555,3.88746,8.63382
156,2.31807,3.00142,4.75072,10.0702
156.05,2.6742,3.63866,4.9414,11.2542
156.1,3.06665,3.99448,4.23547,11.2966
156.15,3.27635,3.78294,3.08938,10.1487
156.2,3.18309,3.06934,2.25504,8.50748
156.25,2.82282,2.23254,2.14568,7.20104
156.3,2.37044,1.73138,2.52524,6.62707
156.35,2.05717,1.82389,2.79124,6.6723
156.4,2.06114,2.41493,2.57468,7.05075
156.45,2.42208,3.12492,2.09621,7.6432
156.5,3.01915,3.53295,1.952,8.50411
156.55,3.62227,3.44024,2.53302,9.59553
156.6,3.99343,2.98956,3.6186,10.6016
156.65,3.99258,2.56786,4.52361,11.0841
156.7,3.64001,2.55465,4.67233,10.867
156.75,3.10712,3.07358,4.08557,10.2663
156.8,2.63928,3.90245,3.34648,9.88822
156.85,2.44536,4.59819,3.07853,10.1221
156.9,2.6034,4.76121,3.40264,10.7672
156.95,3.02562,4.27739,3.85363,11.1566
157,3.49922,3.38922,3.82354,10.712
157.05,3.78533,2.55251,3.13092,9.46875
157.1,3.73125,2.16643,2.20629,8.10397
157.15,3.34461,2.34245,1.72803,7.41509
157.2,2.79403,2.85318,2.03274,7.67995
157.25,2.33454,3.29058,2.82563,8.45075
157.3,2.19079,3.33298,3.44944,8.97321
157.35,2.45161,2.95275,3.47271,8.87707
157.4,3.02527,2.43456,3.07067,8.5305
157.45,3.67756,2.1927,2.85493,8.72519
157.5,4.13659,2.50241,3.30028,9.93927
157.55,4.21643,3.3143,4.28097,11.8117
157.6,3.90259,4.26885,5.13689,13.3083
157.65,3.35908,4.90325,5.22094,13.4833
157.7,2.85316,4.92326,4.44989,12.2263
157.75,2.63228,4.37335,3.37542,10.381
157.8,2.80989,3.6023,2.71475,9.12694
157.85,3.31294,3.04816,2.75501,9.11611
157.9,3.91516,2.97627,3.1506,10.042
157.95,4.34052,3.3299,3.28034,10.9508
158,4.38925,3.78116,2.8374,11.0078
158.05,4.02875,3.94603,2.12603,10.1008
158.1,3.40855,3.62892,1.80446,8.84193
158.15,2.79314,2.94729,2.30247,8.04289
158.2,2.44382,2.2627,3.42526,8.13178
158.25,2.50292,1.96289,4.49048,8.95629
158.3,2.93172,2.22843,4.88176,10.0419
158.35,3.529,2.92454,4.54372,10.9973
158.4,4.02085,3.68184,3.99648,11.6992
158.45,4.18172,4.1159,3.86149,12.1591
158.5,3.93349,4.05324,4.30933,12.2961
158.55,3.37973,3.62859,4.90501,11.9133
158.6,2.7608,3.19609,4.98451,10.9414
158.65,2.34962,3.10857,4.23993,9.69812
158.7,2.33324,3.49804,3.01074,8.84202
158.75,2.73137,4.18983,2.02962,8.95082
158.8,3.38705,4.80272,1.83831,10.0281
158.85,4.03375,4.97567,2.37099,11.3804
158.9,4.41064,4.58501,3.05588,12.0515
158.95,4.37619,3.82142,3.33793,11.5355
159,3.97092,3.07963,3.1632,10.2138
159.05,3.40104,2.72721,3.0038,9.13206
159.1,2.94897,2.89124,3.40557,9.24578
159.15,2.84882,3.39108,4.45707,10.697
159.2,3.18106,3.8564,5.64713,12.6846
159.25,3.83314,3.95762,6.2422,14.033
159.3,4.54468,3.60851,5.86794,14.0211
159.35,5.01854,3.01865,4.80565,12.8428
159.4,5.04976,2.56545,3.75866,11.3739
159.45,4.61558,2.56429,3.29055,10.4704
159.5,3.88658,3.07596,3.40639,10.3689
159.55,3.15361,3.86641,3.61678,10.6368
159.6,2.70264,4.54206,3.41289,10.6576
159.65,2.69253,4.77891,2.73848,10.2099
159.7,3.08948,4.50959,2.05728,9.65635
159.75,3.68628,3.95868,1.96231,9.60726
159.8,4.19686,3.50688,2.66262,10.3664
159.85,4.38389,3.46465,3.78508,11.6336
159.9,4.16292,3.88776,4.66225,12.7129
159.95,3.63826,4.54188,4.86631,13.0464
160,3.05613,5.03655,4.54055,12.6332
160.05,2.69657,5.0509,4.24913,11.9966
160.1,2.75153,4.52091,4.47284,11.7453
160.15,3.24157,3.68012,5.17815,12.0998
160.2,4.00552,2.9301,5.82645,12.7621
160.25,4.76676,2.61482,5.81848,13.2001
160.3,5.24691,2.82928,5.00081,13.077
160.35,5.27935,3.37287,3.809,12.4612
160.4,4.87559,3.87471,2.9282,11.6785
160.45,4.2179,4.01785,2.75707,10.9928
160.5,3.58207,3.73074,3.1212,10.434
160.55,3.22291,3.23288,3.46712,9.92291
160.6,3.26968,2.90618,3.36269,9.53855
160.65,3.67448,3.06638,2.87708,9.61795
160.7,4.2348,3.76791,2.5214,10.5241
160.75,4.68065,4.75745,2.80342,12.2415
160.8,4.79028,5.60494,3.77322,14.1684
160.85,4.4861,5.93784,4.94343,15.3674
160.9,3.87032,5.64469,5.6561,15.1711
160.95,3.18463,4.93212,5.59752,13.7143
161,2.71038,4.20419,5.03824,11.9528
161.05,2.65063,3.83403,4.59882,11.0835
161.1,3.04428,3.95801,4.73063,11.7329
161.15,3.74869,4.40761,5.33636,13.4927
161.2,4.4989,4.81485,5.84336,15.1571
161.25,5.01829,4.82946,5.67321,15.521
161.3,5.13379,4.32441,4.72566,14.1839
161.35,4.84658,3.47479,3.48057,11.8019
161.4,4.32847,2.66678,2.63345,9.6287
161.45,3.84604,2.28821,2.56129,8.69554
161.5,3.64542,2.51728,3.05405,9.21675
161.55,3.84682,3.22674,3.52673,10.6003
161.6,4.39325,4.05629,3.5316,11.9811
161.65,5.07415,4.61308,3.144,12.8312
161.7,5.61297,4.68854,2.90138,13.2029
161.75,5.78135,4.37052,3.34394,13.4958
161.8,5.49264,3.98752,4.53319,14.0133
161.85,4.8368,3.91557,5.94574,14.6981
161.9,4.04381,4.35564,6.8374,15.2368
161.95,3.39162,5.20732,6.79395,15.3929
162,3.0966,6.11078,6.03397,15.2414
162.05,3.23041,6.6356,5.22405,15.0901
162.1,3.69563,6.51213,4.95227,15.16
162.15,4.26898,5.7777,5.27456,15.3212
162.2,4.69387,4.75733,5.68972,15.1409
162.25,4.78527,3.89092,5.56,14.2362
162.3,4.505,3.50306,4.64268,12.6507
162.35,3.97759,3.64125,3.31115,10.93
162.4,3.44012,4.06856,2.29012,9.79881
162.45,3.14588,4.41044,2.11368,9.67
162.5,3.25998,4.37177,2.734,10.3657
162.55,3.7891,3.90434,3.58773,11.2812
162.6,4.57431,3.23449,4.06301,11.8718
162.65,5.35093,2.7381,3.99186,12.0809
162.7,5.85215,2.73265,3.77355,12.3583
162.75,5.91508,3.30001,4.02954,13.2446
162.8,5.54606,4.23575,5.06459,14.8464
162.85,4.91829,5.15258,6.56495,16.6358
162.9,4.30231,5.68248,7.77976,17.7646
162.95,3.95722,5.66896,8.05325,17.6794
163,4.02679,5.24585,7.30027,16.5729
163.05,4.48239,4.75961,6.06126,15.3033
163.1,5.13562,4.57662,5.09654,14.8088
163.15,5.71488,4.8795,4.83238,15.4268
163.2,5.9744,5.56319,5.07977,16.6174
163.25,5.79203,6.28772,5.23186,17.3116
163.3,5.2171,6.65964,4.77699,16.6537
163.35,4.45051,6.44384,3.72571,14.6201
163.4,3.76611,5.69129,2.62266,12.0801
163.45,3.40513,4.71432,2.13853,10.258
163.5,3.48465,3.92407,2.56143,9.97015
163.55,3.95502,3.61842,3.58224,11.1557
163.6,4.62116,3.83394,4.53859,12.9937
163.65,5.21877,4.33892,4.92587,14.4836
163.7,5.51573,4.76803,4.77698,15.0607
163.75,5.40043,4.8243,4.61513,14.8399
163.8,4.92401,4.44025,5.01581,14.3801
163.85,4.28081,3.81384,6.1188,14.2134
163.9,3.73456,3.30177,7.4715,14.5078
163.95,3.51777,3.22761,8.33056,15.0759
164,3.74216,3.70621,8.19673,15.6451
164.05,4.3542,4.57692,7.17863,16.1098
164.1,5.15326,5.48145,5.91189,16.5466
164.15,5.86613,6.04663,5.09744,17.0102
164.2,6.25035,6.07735,5.00744,17.3351
164.25,6.18674,5.65791,5.3253,17.17
164.3,5.7255,5.10731,5.42936,16.2622
164.35,5.06747,4.81019,4.89595,14.7736
164.4,4.48742,5.01115,3.83917,13.3378
164.45,4.22868,5.68082,2.83478,12.7443
164.5,4.40981,6.52511,2.49137,13.4263
164.55,4.97931,7.13371,2.99608,15.1091
164.6,5.73542,7.19051,3.97787,16.9038
164.65,6.40281,6.63609,4.79097,17.8299
164.7,6.73623,5.69855,5.004,17.4388
164.75,6.61155,4.77799,4.72432,16.1139
164.8,6.07021,4.24584,4.50901,14.8251
164.85,5.30173,4.26263,4.92493,14.4893
164.9,4.57215,4.70575,6.08741,15.3653
164.95,4.1262,5.24154,7.52807,16.8958
165,4.09941,5.50214,8.49933,18.1009
165.05,4.4718,5.27695,8.49679,18.2455
165.1,5.07856,4.62226,7.6166,17.3174
165.15,5.67283,3.83512,6.48545,15.9934
165.2,6.0171,3.30498,5.8143,15.1364
165.25,5.97024,3.3173,5.90031,15.1878
165.3,5.53911,3.90761,6.43472,15.8814
165.35,4.87646,4.83993,6.74916,16.4656
165.4,4.2259,5.72191,6.31674,16.2645
165.45,3.83343,6.20016,5.14566,15.1792
165.5,3.85744,6.13751,3.78478,13.7797
165.55,4.31,5.68172,2.94064,12.9324
165.6,5.05122,5.18933,2.98348,13.224
165.65,5.83957,5.0423,3.6988,14.5807
165.7,6.42,5.45011,4.46393,16.334
165.75,6.61744,6.33743,4.72062,17.6755
165.8,6.40093,7.37409,4.39635,18.1714
165.85,5.89408,8.1316,3.96152,17.9872
165.9,5.32816,8.28798,4.07538,17.6915
165.95,4.95538,7.78023,5.07829,17.8139
166,4.95496,6.83169,6.70453,18.4912
166.05,5.36693,5.84365,8.23016,19.4407
166.1,6.07743,5.20552,8.95385,20.2368
166.15,6.86008,5.11486,8.66866,20.6436
166.2,7.45711,5.49178,7.79227,20.7412
166.25,7.67026,6.02655,7.06826,20.7651
166.3,7.42918,6.3363,7.05001,20.8155
166.35,6.81395,6.15565,7.72341,20.693
166.4,6.02545,5.46984,8.52289,20.0182
166.45,5.3151,4.5257,8.72443,18.5652
166.5,4.89888,3.71438,7.94538,16.5586
166.55,4.8849,3.38231,6.41087,14.6781
166.6,5.23866,3.66305,4.80712,13.7088
166.65,5.7972,4.41379,3.82501,14.036
166.7,6.32701,5.28818,3.71183,15.327
166.75,6.60632,5.90895,4.14245,16.6577
166.8,6.50362,6.05388,4.49431,17.0518
166.85,6.02551,5.76241,4.32238,16.1103
166.9,5.31648,5.31151,3.68985,14.3178
166.95,4.61007,5.07492,3.12004,12.805
167,4.1475,5.33637,3.21163,12.6955
167.05,4.09252,6.14727,4.19751,14.4373
167.1,4.47268,7.29543,5.7598,17.5279
167.15,5.16886,8.39716,7.22686,20.7929
167.2,5.95694,9.06856,8.01323,23.0387
167.25,6.58695,9.09704,8.00287,23.6869
167.3,6.8711,8.53552,7.61742,23.024
167.35,6.74908,7.67702,7.52137,21.9475
167.4,6.30787,6.9206,8.15591,21.3844
167.45,5.74971,6.58876,9.41179,21.7503
167.5,5.32081,6.77953,10.6678,22.7681
167.55,5.22595,7.32252,11.181,23.7295
167.6,5.55855,7.86127,10.5736,23.9934
167.65,6.26881,8.02427,9.08481,23.3779
167.7,7.1794,7.60396,7.41627,22.1996
167.75,8.04244,6.65784,6.27643,20.9767
167.8,8.61873,5.48353,5.94003,20.0423
167.85,8.75403,4.48118,6.11666,19.3519
167.9,8.42834,3.97097,6.20059,18.5999
167.95,7.76275,4.05282,5.71417,17.5297
168,6.98125,4.5721,4.64089,16.1942
168.05,6.33897,5.20287,3.43645,14.9783
168.1,6.0392,5.60572,2.72496,14.3699
168.15,6.16607,5.5863,2.88705,14.6394
168.2,6.65571,5.1841,3.80843,15.6482
168.25,7.31667,4.65389,4.95366,16.9242
168.3,7.89387,4.34932,5.72217,17.9654
168.35,8.15497,4.55914,5.85532,18.5694
168.4,7.96962,5.36769,5.61766,18.955
168.45,7.35416,6.60278,5.61635,19.5733
168.5,6.46625,7.89824,6.37024,20.7347
168.55,5.55187,8.84805,7.92178,22.3217
168.6,4.8638,9.18517,9.7634,23.8124
168.65,4.57986,8.90244,11.1345,24.6168
168.7,4.74846,8.25678,11.4914,24.4966
168.75,5.278,7.652,10.8412,23.7712
168.8,5.97146,7.45361,9.73184,23.1569
168.85,6.59285,7.82244,8.91259,23.3279
168.9,6.94315,8.64336,8.8807,24.4672
168.95,6.92221,9.57924,9.58459,26.086
169,6.55855,10.2213,10.4583,27.2382
169.05,5.99943,10.2663,10.7687,27.0345
169.1,5.46464,9.64358,10.071,25.1792
169.15,5.17781,8.54212,8.49331,22.2132
169.2,5.29519,7.33102,6.66495,19.2912
169.25,5.85342,6.4086,5.32628,17.5883
169.3,6.753,6.04155,4.87406,17.6686
169.35,7.78446,6.25805,5.14263,19.1851
169.4,8.69079,6.83901,5.55873,21.0885
169.45,9.24737,7.41355,5.54984,22.2108
169.5,9.33377,7.62157,4.92392,21.8793
169.55,8.97283,7.27431,3.97986,20.227
169.6,8.32345,6.44068,3.30089,18.065
169.65,7.62869,5.41781,3.38084,16.4273
169.7,7.13711,4.59789,4.31526,16.0503
169.75,7.02358,4.29294,5.73483,17.0513
169.8,7.33595,4.59903,7.01826,18.9532
169.85,7.98357,5.36095,7.66572,21.0102
169.9,8.76939,6.24861,7.61308,22.6311
169.95,9.45309,6.90567,7.28279,23.6416
170,9.82438,7.10208,7.31725,24.2437
170.05,9.7646,6.82729,8.15074,24.7426
170.1,9.2798,6.29069,9.70064,25.2711
170.15,8.49781,5.83342,11.3907,25.7219
170.2,7.63115,5.78786,12.4948,25.9138
170.25,6.91623,6.33767,12.5745,25.8284
170.3,6.54507,7.43254,11.7334,25.711
170.35,6.6081,8.79429,10.5463,25.9487
170.4,7.06513,10.0187,9.72459,26.8085
170.45,7.75459,10.7375,9.7182,28.2103
170.5,8.44064,10.7729,10.4681,29.6817
170.55,8.8854,10.2164,11.439,30.5408
170.6,8.92405,9.39041,11.9201,30.2345
170.65,8.51793,8.70953,11.4369,28.6644
170.7,7.76749,8.50296,10.0386,26.309
170.75,6.88008,8.87914,8.27401,24.0332
170.8,6.1038,9.68986,6.86121,22.6549
170.85,5.65016,10.602,6.25709,22.5092
170.9,5.63117,11.2385,6.40769,23.2774
170.95,6.03019,11.3276,6.82866,24.1864
171,6.71295,10.8029,6.93899,24.4549
171.05,7.47223,9.82558,6.42007,23.7179
171.1,8.09006,8.72304,5.39021,22.2033
171.15,8.39932,7.86827,4.32141,20.589
171.2,8.32872,7.5381,3.7671,19.6339
171.25,7.92154,7.80131,4.04774,19.7706
171.3,7.32454,8.48323,5.05519,20.863
171.35,6.74953,9.22911,6.29152,22.2702
171.4,6.4156,9.64794,7.14764,23.2112
171.45,6.48561,9.47795,7.27611,23.2397
171.5,7.01388,8.69921,6.82164,22.5347
171.55,7.92217,7.54106,6.33985,21.8031
171.6,9.01453,6.38218,6.44417,21.8409
171.65,10.0302,5.59238,7.41534,23.0379
171.7,10.7201,5.38851,9.0295,25.1381
171.75,10.9229,5.76265,10.6971,27.3827
171.8,10.6149,6.50177,11.8012,28.9178
171.85,9.91655,7.27975,12.0279,29.2242
171.9,9.05517,7.78151,11.5272,28.3639
171.95,8.2962,7.81727,10.8406,26.9541
172,7.86761,7.3931,10.6287,25.8894
172.05,7.89985,6.71458,11.3114,25.9258
172.1,8.39691,6.11611,12.8008,27.3138
172.15,9.24209,5.93207,14.4992,29.6734
172.2,10.2325,6.35439,15.6057,32.1926
172.25,11.1314,7.33831,15.567,34.0367
172.3,11.726,8.60545,14.3941,34.7256
172.35,11.8798,9.75172,12.6453,34.2768
172.4,11.5686,10.4143,11.1045,33.0874
172.45,10.8907,10.4214,10.3708,31.6829
172.5,10.0463,9.85755,10.5861,30.4899
172.55,9.28515,9.02291,11.4075,29.7156
172.6,8.83658,8.31361,12.1966,29.3468
172.65,8.83918,8.07908,12.3331,29.2513
172.7,9.29591,8.50794,11.5258,29.3297
172.75,10.0704,9.57107,9.97634,29.6178
172.8,10.928,11.0296,8.28019,30.2378
172.85,11.6072,12.5039,7.08972,31.2008
172.9,11.8981,13.5909,6.73202,32.221
172.95,11.7006,14.0027,7.03501,32.7383
173,11.0472,13.6789,7.4737,32.1999
173.05,10.0873,12.8221,7.51748,30.4268
173.1,9.04282,11.8261,6.93609,27.805
173.15,8.153,11.1201,5.89532,25.1684
173.2,7.61948,10.9936,4.8406,23.4537
173.25,7.56354,11.4857,4.27007,23.3194
173.3,7.99899,12.3847,4.49772,24.8814
173.35,8.82494,13.3294,5.48342,27.6378
173.4,9.84222,13.9562,6.81153,30.6099
173.45,10.7952,14.0259,7.87725,32.6984
173.5,11.4345,13.4915,8.2242,33.1503
173.55,11.5854,12.5018,7.83309,31.9203
173.6,11.2019,11.3525,7.14789,29.7023
173.65,10.3845,10.4009,6.80326,27.5886
173.7,9.35241,9.954,7.24331,26.5497
173.75,8.37798,10.1556,8.48859,27.0222
173.8,7.70506,10.913,10.1666,28.7847
173.85,7.48105,11.9073,11.7296,31.118
173.9,7.7242,12.7033,12.7113,33.1388
173.95,8.33247,12.9197,12.9289,34.1811
174,9.12433,12.3849,12.5832,34.0924
174.05,9.89265,11.2014,12.2044,33.2984
174.1,10.4542,9.69477,12.4048,32.5538
174.15,10.6857,8.28034,13.5202,32.4862
174.2,10.5456,7.31706,15.3589,33.2216
174.25,10.083,7.00627,17.2647,34.354
174.3,9.43365,7.35433,18.4793,35.2673
174.35,8.79745,8.18657,18.5658,35.5498
174.4,8.39493,9.1958,17.6208,35.2116
174.45,8.40632,10.0208,16.1931,34.6202
174.5,8.91041,10.3528,15.0189,34.2821
174.55,9.84652,10.0493,14.7252,34.621
174.6,11.0193,9.20437,15.5798,35.8035
174.65,12.1509,8.12875,17.3358,37.6154
174.7,12.9635,7.2278,19.2647,39.456
174.75,13.2636,6.8296,20.4514,40.5446
174.8,12.9963,7.04954,20.2574,40.3032
174.85,12.253,7.75969,18.6784,38.6912
174.9,11.2377,8.66844,16.344,36.2502
174.95,10.2092,9.45436,14.1615,33.8251
175,9.42263,9.88179,12.8649,32.1693
175.05,9.08477,9.85813,12.7369,31.6798
175.1,9.32276,9.43966,13.5806,32.343
175.15,10.1628,8.8129,14.8442,33.8199
175.2,11.5158,8.26154,15.8155,35.5929
175.25,13.1762,8.10329,15.8839,37.1635
175.3,14.8474,8.58437,14.831,38.2628
175.35,16.1992,9.75805,12.9859,38.9432
175.4,16.9522,11.4135,11.0718,39.4376
175.45,16.9604,13.118,9.78858,39.867
175.5,16.2619,14.3759,9.41635,40.0542
175.55,15.0723,14.8334,9.72696,39.6327
175.6,13.7212,14.4216,10.2161,38.3588
175.65,12.5558,13.37,10.4191,36.3449
175.7,11.8506,12.1007,10.0906,34.0418
175.75,11.7517,11.0768,9.2365,32.065
175.8,12.2695,10.6804,8.10329,31.0532
175.85,13.3034,11.1433,7.13428,31.581
175.9,14.6781,12.5085,6.80001,33.9866
175.95,16.1738,14.5991,7.30249,38.0754
176,17.5486,17.0131,8.3635,42.9252
176.05,18.5669,19.1897,9.33409,47.0907
176.1,19.0433,20.5723,9.59941,49.215
176.15,18.8973,20.819,8.96514,48.6814
176.2,18.197,19.9549,7.73008,45.882
176.25,17.162,18.3734,6.45643,41.9918
176.3,16.1092,16.6769,5.68994,38.476
176.35,15.3558,15.4465,5.80772,36.61
176.4,15.1154,15.0621,6.94015,37.1177
176.45,15.4339,15.641,8.86464,39.9395
176.5,16.1913,17.0731,10.9539,44.2183
176.55,17.1646,19.0824,12.3756,48.6225
176.6,18.1143,21.2689,12.5453,51.9286
176.65,18.8547,23.153,11.5154,53.5231
176.7,19.2792,24.2733,9.95517,53.5077
176.75,19.3497,24.3458,8.73179,52.4274
176.8,19.0743,23.4111,8.45475,50.9402
176.85,18.502,21.8612,9.30702,49.6702
176.9,17.74,20.2936,11.1281,49.1617
176.95,16.9695,19.2593,13.5036,49.7325
177,16.4304,19.0476,15.7854,51.2633
177.05,16.3566,19.6277,17.2279,53.2122
177.1,16.8806,20.7505,17.3596,54.9907
177.15,17.9532,22.104,16.3521,56.4094
177.2,19.3291,23.4071,14.9938,57.73
177.25,20.6365,24.413,14.1963,59.2458
177.3,21.5072,24.894,14.4417,60.8429
177.35,21.705,24.6928,15.6327,62.0305
177.4,21.1938,23.8401,17.3616,62.3955
177.45,20.1196,22.6345,19.2071,61.9611
177.5,18.7292,21.5702,20.7796,61.0791
177.55,17.2818,21.1087,21.6731,60.0636
177.6,16.0006,21.4275,21.6283,59.0564
177.65,15.0775,22.3258,20.8511,58.2544
177.7,14.6974,23.3602,20.0605,58.1181
177.75,15.0323,24.1097,20.035,59.1769
177.8,16.1792,24.3749,21.0101,61.5642
177.85,18.0655,24.1849,22.5314,64.7818
177.9,20.3827,23.6582,23.902,67.9428
177.95,22.6144,22.8807,24.7251,70.2202
178,24.1753,21.9285,24.9994,71.1032
178.05,24.6112,20.9924,24.8327,70.4364
178.1,23.7675,20.4351,24.2939,68.4965
178.15,21.8391,20.6488,23.6302,66.1181
178.2,19.2801,21.7704,23.4448,64.4952
178.25,16.6266,23.4771,24.3571,64.4608
178.3,14.332,25.071,26.3438,65.7468
178.35,12.6968,25.8403,28.5188,67.0559
178.4,11.903,25.4563,29.7436,67.1029
178.45,12.0915,24.1148,29.5175,65.7237
178.5,13.3862,22.3338,28.2406,63.9606
178.55,15.8172,20.6017,26.671,63.0898
178.6,19.1758,19.1762,25.3275,63.6795
178.65,22.9112,18.1791,24.5279,65.6183
178.7,26.1795,17.8273,24.7785,68.7852
178.75,28.078,18.4935,26.6581,73.2297
178.8,27.9807,20.4383,30.0301,78.4491
178.85,25.8071,23.3971,33.5233,82.7275
178.9,22.0723,26.4225,35.2198,83.7146
178.95,17.6801,28.2392,34.135,80.0542
179,13.5655,27.9535,30.9979,72.5168
179.05,10.3852,25.6119,27.496,63.4931
179.1,8.42572,22.1611,24.8935,55.4803
179.15,7.75273,18.8191,23.6076,50.1795
179.2,8.46527,16.3613,23.9817,48.8083
179.25,10.8297,14.9061,26.7946,52.5304
179.3,15.1391,14.3489,32.3046,61.7927
179.35,21.3322,14.9764,38.7655,75.074
179.4,28.6025,17.5566,42.6478,88.8069
179.45,35.308,22.6192,41.1993,99.1266
179.5,39.3651,29.4227,35.0194,103.807
179.55,39.0485,35.5828,27.7006,102.332
179.6,33.8432,38.0123,22.6136,94.4691
179.65,24.8898,34.8251,20.3838,80.0987
179.7,14.7127,26.9338,20.16,61.8065
179.75,6.26735,18.0269,23.3007,47.595
179.8,1.71092,12.6212,34.5531,48.8852
179.85,1.48889,13.296,57.8378,72.6227
179.9,4.20847,18.9652,89.923,113.097
179.95,7.39271,25.4815,118.886,151.76
180,8.75982,28.3019,130.636,167.697
